transcription_units,monomers_to_remove
"['G0-16636', 'EG30054', 'G7991', 'EG10197', 'EG30039']","['G0-16636', 'EG30054', 'G7991', 'EG10197', 'EG30039']"
"['G7687', 'G7686', 'G7685']","['G7687', 'G7686', 'G7685']"
"['EG11679', 'EG12455']","['EG11679', 'EG12455']"
"['G6670', 'G6669', 'EG12853', 'EG10668']","['G6670', 'G6669', 'EG12853', 'EG10668']"
"['G7363', 'G7362']","['G7363', 'G7362']"
"['EG10275', 'EG10276']","['EG10275', 'EG10276']"
"['EG10276', 'EG10275']","['EG10276', 'EG10275']"
"['EG10023', 'EG10022', 'EG10026']","['EG10023', 'EG10022', 'EG10026']"
"['EG10025', 'EG10024']","['EG10025', 'EG10024']"
"['EG50003', 'EG10276', 'EG11318']","['EG50003', 'EG10276', 'EG11318']"
"['EG50003', 'EG10276', 'EG11318', 'EG11317']","['EG50003', 'EG10276', 'EG11318', 'EG11317']"
"['EG10247', 'EG10693']","['EG10247', 'EG10693']"
"['EG10247', 'EG10693', 'EG10832', 'EG10270', 'EG10857']","['EG10247', 'EG10693', 'EG10832', 'EG10270', 'EG10857']"
"['EG11703', 'EG11704', 'EG10424']","['EG11703', 'EG11704', 'EG10424']"
"['EG11704', 'EG10424']","['EG11704', 'EG10424']"
"['EG11704', 'EG10266', 'EG10267']","['EG11704', 'EG10266', 'EG10267']"
"['EG11942', 'EG11943', 'EG11448', 'G6786']","['EG11942', 'EG11943', 'EG11448', 'G6786']"
"['EG12766', 'G7633', 'G7632', 'G7631']","['EG12766', 'G7633', 'G7632', 'G7631']"
"['G7636', 'G7635', 'EG12770', 'EG12769', 'EG12768', 'G7634']","['G7636', 'G7635', 'EG12770', 'EG12769', 'EG12768', 'G7634']"
"['EG11384', 'EG11385']","['EG11384', 'EG11385']"
"['EG11385', 'EG11384']","['EG11385', 'EG11384']"
"['EG30012', 'EG30011', 'EG30012']","['EG30012', 'EG30011', 'EG30012']"
"['EG10037', 'EG10029']","['EG10037', 'EG10029']"
"['G6284', 'G6285', 'G6286']","['G6284', 'G6285', 'G6286']"
"['EG11957', 'EG11958', 'EG11959', 'EG12458', 'EG10547']","['EG11957', 'EG11958', 'EG11959', 'EG12458', 'EG10547']"
"['EG11957', 'EG11958', 'EG11959', 'EG12458', 'EG10547', 'G7821']","['EG11957', 'EG11958', 'EG11959', 'EG12458', 'EG10547', 'G7821']"
"['G6452', 'G6451']","['G6452', 'G6451']"
"['EG10041', 'EG10042']","['EG10041', 'EG10042']"
"['EG12183', 'EG12182']","['EG12183', 'EG12182']"
"['EG11821', 'EG12191']","['EG11821', 'EG12191']"
"['EG10048', 'EG10047']","['EG10048', 'EG10047']"
"['EG10048', 'EG10047', 'EG10523']","['EG10048', 'EG10047', 'EG10523']"
"['EG10048', 'EG10047', 'EG10523', 'EG10691']","['EG10048', 'EG10047', 'EG10523', 'EG10691']"
"['EG10048', 'EG10047', 'EG10523', 'EG10691', 'EG10985']","['EG10048', 'EG10047', 'EG10523', 'EG10691', 'EG10985']"
"['G0-10588', 'EG11380', 'EG11379', 'EG10049']","['G0-10588', 'EG11380', 'EG11379', 'EG10049']"
"['EG10055', 'EG10052', 'EG10053']","['EG10055', 'EG10052', 'EG10053']"
"['EG10059', 'EG10058', 'EG10057']","['EG10059', 'EG10058', 'EG10057']"
"['EG10065', 'EG10064', 'EG11223']","['EG10065', 'EG10064', 'EG11223']"
"['EG30013', 'EG30019', 'EG30018', 'EG30013', 'EG30015', 'EG30018', 'EG30019', 'EG30095']","['EG30013', 'EG30019', 'EG30018', 'EG30013', 'EG30015', 'EG30018', 'EG30019', 'EG30095']"
"['EG30017', 'EG30042', 'EG30049', 'EG30068']","['EG30017', 'EG30042', 'EG30049', 'EG30068']"
"['G6606', 'G6605']","['G6606', 'G6605']"
"['G7171', 'G0-10460', 'G7170', 'G7169', 'G7168', 'G7167', 'G7166']","['G7171', 'G0-10460', 'G7170', 'G7169', 'G7168', 'G7167', 'G7166']"
"['EG10076', 'EG11234', 'G6917']","['EG10076', 'EG11234', 'G6917']"
"['EG10082', 'EG11093', 'EG10083']","['EG10082', 'EG11093', 'EG10083']"
"['EG10083', 'EG11093']","['EG10083', 'EG11093']"
"['EG10083', 'EG11093', 'EG10082']","['EG10083', 'EG11093', 'EG10082']"
"['EG12235', 'EG12236', 'EG12237']","['EG12235', 'EG12236', 'EG12237']"
"['EG11627', 'EG11626', 'EG11625', 'EG11624']","['EG11627', 'EG11626', 'EG11625', 'EG11624']"
"['EG10086', 'EG10085']","['EG10086', 'EG10085']"
"['G6940', 'G6941', 'G6942', 'G6943', 'G6944']","['G6940', 'G6941', 'G6942', 'G6943', 'G6944']"
"['EG11672', 'EG11669', 'EG11670', 'EG11671']","['EG11672', 'EG11669', 'EG11670', 'EG11671']"
"['EG11668', 'EG11667']","['EG11668', 'EG11667']"
"['EG10100', 'EG10101', 'EG10104', 'EG10098', 'EG10105', 'EG10103', 'EG10102', 'EG10099']","['EG10100', 'EG10101', 'EG10104', 'EG10098', 'EG10105', 'EG10103', 'EG10102', 'EG10099']"
"['EG10100', 'EG10101', 'EG10104', 'EG10098', 'EG10105', 'EG10103', 'EG10102', 'EG10099', 'EG10106']","['EG10100', 'EG10101', 'EG10104', 'EG10098', 'EG10105', 'EG10103', 'EG10102', 'EG10099', 'EG10106']"
"['EG11618', 'EG11617', 'EG12136', 'G7115', 'G7114', 'G7113']","['EG11618', 'EG11617', 'EG12136', 'G7115', 'G7114', 'G7113']"
"['EG11617', 'EG11618']","['EG11617', 'EG11618']"
"['EG10658', 'EG10205']","['EG10658', 'EG10205']"
"['EG11614', 'EG11615']","['EG11614', 'EG11615']"
"['EG12257', 'EG12258', 'EG12258', 'EG12259', 'EG12260']","['EG12257', 'EG12258', 'EG12258', 'EG12259', 'EG12260']"
"['EG12265', 'EG12264', 'EG12263']","['EG12265', 'EG12264', 'EG12263']"
"['EG12258', 'EG12259']","['EG12258', 'EG12259']"
"['EG10109', 'EG10110', 'EG10111']","['EG10109', 'EG10110', 'EG10111']"
"['EG11181', 'EG10113']","['EG11181', 'EG10113']"
"['EG10114', 'EG10115', 'EG10116']","['EG10114', 'EG10115', 'EG10116']"
"['EG11364', 'EG11729', 'EG11728']","['EG11364', 'EG11729', 'EG11728']"
"['G7948', 'G7947']","['G7948', 'G7947']"
"['EG10118', 'EG10122', 'EG10121', 'EG10119', 'EG10120']","['EG10118', 'EG10122', 'EG10121', 'EG10119', 'EG10120']"
"['EG10123', 'EG11205']","['EG10123', 'EG11205']"
"['EG12007', 'EG12006']","['EG12007', 'EG12006']"
"['EG10128', 'EG10129', 'EG10127']","['EG10128', 'EG10129', 'EG10127']"
"['EG10131', 'EG10132']","['EG10131', 'EG10132']"
"['EG12608', 'EG11557', 'EG11558']","['EG12608', 'EG11557', 'EG11558']"
"['EG12608', 'EG11557', 'EG11558', 'EG11559', 'EG11560', 'EG11561']","['EG12608', 'EG11557', 'EG11558', 'EG11559', 'EG11560', 'EG11561']"
"['EG10134', 'EG10135']","['EG10134', 'EG10135']"
"['EG12845', 'G7425', 'G7426', 'G7427']","['EG12845', 'G7425', 'G7426', 'G7427']"
"['G7430', 'G7429', 'G7428', 'G7427', 'G7426', 'G7425', 'EG12845']","['G7430', 'G7429', 'G7428', 'G7427', 'G7426', 'G7425', 'EG12845']"
"['EG12194', 'EG12193']","['EG12194', 'EG12193']"
"['EG12194', 'EG12193']","['EG12194', 'EG12193']"
"['EG11727', 'EG11726']","['EG11727', 'EG11726']"
"['EG10136', 'EG12434']","['EG10136', 'EG12434']"
"['EG12052', 'EG12053', 'EG12054', 'EG12055', 'EG12169', 'EG12057', 'EG12058', 'EG12059']","['EG12052', 'EG12053', 'EG12054', 'EG12055', 'EG12169', 'EG12057', 'EG12058', 'EG12059']"
"['EG12052', 'EG12053', 'EG12054', 'EG12055', 'EG12169', 'EG12057', 'EG12058', 'EG12059', 'EG12060', 'EG12061', 'EG12062', 'EG12064', 'EG12067', 'EG12143', 'EG12068']","['EG12052', 'EG12053', 'EG12054', 'EG12055', 'EG12169', 'EG12057', 'EG12058', 'EG12059', 'EG12060', 'EG12061', 'EG12062', 'EG12064', 'EG12067', 'EG12143', 'EG12068']"
"['EG10139', 'G6092']","['EG10139', 'G6092']"
"['EG10139', 'G6092', 'EG12715']","['EG10139', 'G6092', 'EG12715']"
"['EG12406', 'G6412', 'G6411', 'G6410', 'G6409']","['EG12406', 'G6412', 'G6411', 'G6410', 'G6409']"
"['EG12402', 'EG12403']","['EG12402', 'EG12403']"
"['EG12198', 'EG10144', 'EG10143', 'EG10142', 'EG10141', 'EG10140']","['EG12198', 'EG10144', 'EG10143', 'EG10142', 'EG10141', 'EG10140']"
"['EG10149', 'EG10146', 'EG10602', 'EG10601']","['EG10149', 'EG10146', 'EG10602', 'EG10601']"
"['EG10151', 'EG10150', 'EG10147', 'EG10148', 'EG10987', 'G7349', 'EG10988']","['EG10151', 'EG10150', 'EG10147', 'EG10148', 'EG10987', 'G7349', 'EG10988']"
"['G6371', 'G6370']","['G6371', 'G6370']"
"['EG12096', 'EG11250', 'EG11250']","['EG12096', 'EG11250', 'EG11250']"
"['EG11250', 'EG12096', 'EG11250']","['EG11250', 'EG12096', 'EG11250']"
"['G6344', 'G6343', 'G6342', 'G6341', 'G6340', 'G6339']","['G6344', 'G6343', 'G6342', 'G6341', 'G6340', 'G6339']"
"['G6339', 'G6340', 'G6341', 'G6342', 'G6343', 'G6344']","['G6339', 'G6340', 'G6341', 'G6342', 'G6343', 'G6344']"
"['EG10158', 'EG10159']","['EG10158', 'EG10159']"
"['EG10159', 'EG10158']","['EG10159', 'EG10158']"
"['G6551', 'G6550']","['G6551', 'G6550']"
"['G7021', 'G7020', 'G7019']","['G7021', 'G7020', 'G7019']"
"['EG11791', 'EG11792', 'G7520', 'EG11245', 'EG11162', 'EG11161']","['EG11791', 'EG11792', 'G7520', 'EG11245', 'EG11162', 'EG11161']"
"['EG12312', 'EG12313', 'EG12314']","['EG12312', 'EG12313', 'EG12314']"
"['G6577', 'G6576']","['G6577', 'G6576']"
"['EG12151', 'EG12150', 'EG13238']","['EG12151', 'EG12150', 'EG13238']"
"['EG11327', 'EG11326']","['EG11327', 'EG11326']"
"['EG12854', 'EG10684', 'EG11008']","['EG12854', 'EG10684', 'EG11008']"
"['EG10163', 'EG10020']","['EG10163', 'EG10020']"
"['G0-16649', 'G7816']","['G0-16649', 'G7816']"
"['EG11217', 'EG11218', 'EG10730', 'EG10145']","['EG11217', 'EG11218', 'EG10730', 'EG10145']"
"['EG10730', 'EG11218', 'EG11217']","['EG10730', 'EG11218', 'EG11217']"
"['G7455', 'G7454', 'EG10215']","['G7455', 'G7454', 'EG10215']"
"['G6548', 'G6547', 'EG11489']","['G6548', 'G6547', 'EG11489']"
"['G6543', 'G6544', 'G6545', 'G6546']","['G6543', 'G6544', 'G6545', 'G6546']"
"['EG12204', 'G7000']","['EG12204', 'G7000']"
"['EG11111', 'G6510']","['EG11111', 'G6510']"
"['EG11849', 'EG11848']","['EG11849', 'EG11848']"
"['EG12367', 'G6322', 'G6321', 'G6320']","['EG12367', 'G6322', 'G6321', 'G6320']"
"['G6318', 'G6319']","['G6318', 'G6319']"
"['EG12177', 'EG12178', 'EG12176']","['EG12177', 'EG12178', 'EG12176']"
"['EG10173', 'EG10174']","['EG10173', 'EG10174']"
"['EG10174', 'EG10173']","['EG10174', 'EG10173']"
"['EG10012', 'EG11405']","['EG10012', 'EG11405']"
"['EG10175', 'EG10176']","['EG10175', 'EG10176']"
"['EG10176', 'EG10175', 'EG10177']","['EG10176', 'EG10175', 'EG10177']"
"['EG10182', 'EG10181', 'EG10180', 'EG10179', 'EG10178']","['EG10182', 'EG10181', 'EG10180', 'EG10179', 'EG10178']"
"['EG10185', 'EG10194', 'EG10186']","['EG10185', 'EG10194', 'EG10186']"
"['EG10189', 'EG10190', 'EG10191']","['EG10189', 'EG10190', 'EG10191']"
"['EG10193', 'EG10183', 'EG10198', 'EG10197', 'EG10195']","['EG10193', 'EG10183', 'EG10198', 'EG10197', 'EG10195']"
"['EG12754', 'G7622']","['EG12754', 'G7622']"
"['EG11407', 'EG11408']","['EG11407', 'EG11408']"
"['EG11408', 'EG11407']","['EG11408', 'EG11407']"
"['EG11418', 'EG11701']","['EG11418', 'EG11701']"
"['EG11889', 'EG11080', 'EG11783', 'EG11890']","['EG11889', 'EG11080', 'EG11783', 'EG11890']"
"['EG11225', 'EG10095']","['EG11225', 'EG10095']"
"['G7826', 'G7827']","['G7826', 'G7827']"
"['G7038', 'G7037', 'EG12347']","['G7038', 'G7037', 'EG12347']"
"['G6777', 'G6778', 'G6779', 'G6780', 'G6781', 'G6782']","['G6777', 'G6778', 'G6779', 'G6780', 'G6781', 'G6782']"
"['EG10215', 'G0-10651']","['EG10215', 'G0-10651']"
"['EG10216', 'EG10454', 'EG10217', 'EG12380', 'G0-9461', 'EG11059']","['EG10216', 'EG10454', 'EG10217', 'EG12380', 'G0-9461', 'EG11059']"
"['EG10216', 'EG10454', 'EG10217', 'EG12380', 'G0-9461', 'EG11059', 'G0-9461']","['EG10216', 'EG10454', 'EG10217', 'EG12380', 'G0-9461', 'EG11059', 'G0-9461']"
"['EG11440', 'EG11268']","['EG11440', 'EG11268']"
"['EG11652', 'G7682']","['EG11652', 'G7682']"
"['EG10221', 'EG10219', 'EG10220', 'EG10222']","['EG10221', 'EG10219', 'EG10220', 'EG10222']"
"['EG10222', 'EG10220']","['EG10222', 'EG10220']"
"['EG10222', 'EG10220', 'EG10219']","['EG10222', 'EG10220', 'EG10219']"
"['G7319', 'G7320']","['G7319', 'G7320']"
"['G6434', 'G6433']","['G6434', 'G6433']"
"['EG12880', 'G7354']","['EG12880', 'G7354']"
"['G7789', 'EG20051', 'EG20049', 'GB4478', 'EG20053']","['G7789', 'EG20051', 'EG20049', 'GB4478', 'EG20053']"
"['EG12399', 'G6626', 'G6627', 'G6626']","['EG12399', 'G6626', 'G6627', 'G6626']"
"['EG10228', 'G6835', 'G6834']","['EG10228', 'G6835', 'G6834']"
"['G6110', 'G6109']","['G6110', 'G6109']"
"['G6353', 'G6352']","['G6353', 'G6352']"
"['G6356', 'G6355']","['G6356', 'G6355']"
"['G7565', 'G7564']","['G7565', 'G7564']"
"['EG10230', 'EG10949']","['EG10230', 'EG10949']"
"['EG10232', 'EG10233', 'EG10234']","['EG10232', 'EG10233', 'EG10234']"
"['EG10234', 'EG10233', 'EG10232']","['EG10234', 'EG10233', 'EG10232']"
"['G6849', 'G6848', 'G6847', 'G6846', 'G6845']","['G6849', 'G6848', 'G6847', 'G6846', 'G6845']"
"['EG10237', 'EG10244']","['EG10237', 'EG10244']"
"['EG10237', 'EG10244', 'EG11215']","['EG10237', 'EG10244', 'EG11215']"
"['EG10238', 'EG10861', 'EG10546', 'EG10545', 'EG11284', 'EG10316', 'EG10455', 'G6093']","['EG10238', 'EG10861', 'EG10546', 'EG10545', 'EG11284', 'EG10316', 'EG10455', 'G6093']"
"['G6783', 'G6784']","['G6783', 'G6784']"
"['G6346', 'G6345']","['G6346', 'G6345']"
"['EG12628', 'EG12627', 'EG12626', 'EG12625', 'EG10248']","['EG12628', 'EG12627', 'EG12626', 'EG12625', 'EG10248']"
"['EG11297', 'EG11831']","['EG11297', 'EG11831']"
"['EG12178', 'EG12176']","['EG12178', 'EG12176']"
"['EG13161', 'EG10250']","['EG13161', 'EG10250']"
"['EG10250', 'EG10249']","['EG10250', 'EG10249']"
"['EG11311', 'EG10317']","['EG11311', 'EG10317']"
"['EG10252', 'EG10253']","['EG10252', 'EG10253']"
"['G0-9562', 'G0-41']","['G0-9562', 'G0-41']"
"['EG10255', 'G7175']","['EG10255', 'G7175']"
"['EG10256', 'EG10257']","['EG10256', 'EG10257']"
"['EG11383', 'G7668']","['EG11383', 'G7668']"
"['EG13283', 'G7233']","['EG13283', 'G7233']"
"['EG10258', 'EG10810']","['EG10258', 'EG10810']"
"['EG10261', 'EG10263', 'EG10260', 'EG10259', 'EG11105']","['EG10261', 'EG10263', 'EG10260', 'EG10259', 'EG11105']"
"['EG10262', 'EG10293']","['EG10262', 'EG10293']"
"['EG10269', 'EG10672']","['EG10269', 'EG10672']"
"['EG10270', 'EG10857']","['EG10270', 'EG10857']"
"['G6829', 'G6828', 'G6827', 'G6826']","['G6829', 'G6828', 'G6827', 'G6826']"
"['EG50006', 'EG50007', 'G7271', 'G7270', 'EG12190']","['EG50006', 'EG50007', 'G7271', 'G7270', 'EG12190']"
"['G7282', 'G7281']","['G7282', 'G7281']"
"['G7286', 'G7285', 'G7284', 'G7283']","['G7286', 'G7285', 'G7284', 'G7283']"
"['G7292', 'G7291', 'G7290', 'G7289', 'G7288', 'G7287']","['G7292', 'G7291', 'G7290', 'G7289', 'G7288', 'G7287']"
"['EG11610', 'EG11609']","['EG11610', 'EG11609']"
"['EG10272', 'EG10271']","['EG10272', 'EG10271']"
"['G7016', 'G7015']","['G7016', 'G7015']"
"['EG12606', 'EG50003']","['EG12606', 'EG50003']"
"['EG10276', 'EG11318', 'EG11317', 'EG10277', 'EG11437']","['EG10276', 'EG11318', 'EG11317', 'EG10277', 'EG11437']"
"['EG10276', 'EG11318', 'EG11317', 'EG10277', 'EG11437', 'EG10890']","['EG10276', 'EG11318', 'EG11317', 'EG10277', 'EG11437', 'EG10890']"
"['EG10277', 'EG11317', 'EG10276', 'EG11318']","['EG10277', 'EG11317', 'EG10276', 'EG11318']"
"['EG11853', 'EG11852', 'EG11851', 'EG11850']","['EG11853', 'EG11852', 'EG11851', 'EG11850']"
"['EG10278', 'EG10279']","['EG10278', 'EG10279']"
"['G7212', 'G7213', 'EG10334']","['G7212', 'G7213', 'EG10334']"
"['EG12357', 'G6923', 'G6922', 'G6921', 'G6920']","['EG12357', 'G6923', 'G6922', 'G6921', 'G6920']"
"['EG11158', 'EG30099']","['EG11158', 'EG30099']"
"['EG10282', 'EG10703']","['EG10282', 'EG10703']"
"['EG10282', 'EG10703', 'EG10368']","['EG10282', 'EG10703', 'EG10368']"
"['EG12340', 'EG10283']","['EG12340', 'EG10283']"
"['EG10284', 'EG11856', 'EG11857', 'EG11858']","['EG10284', 'EG11856', 'EG11857', 'EG11858']"
"['EG11227', 'EG11228', 'EG11229']","['EG11227', 'EG11228', 'EG11229']"
"['EG10290', 'EG10289', 'EG10288', 'EG10287', 'EG10286']","['EG10290', 'EG10289', 'EG10288', 'EG10287', 'EG10286']"
"['EG10292', 'EG10291']","['EG10292', 'EG10291']"
"['EG12933', 'EG12101', 'EG12102']","['EG12933', 'EG12101', 'EG12102']"
"['EG10295', 'EG10298', 'EG10296']","['EG10295', 'EG10298', 'EG10296']"
"['G6267', 'G6266']","['G6267', 'G6266']"
"['EG10301', 'EG10487', 'EG10486', 'EG10485', 'EG10484']","['EG10301', 'EG10487', 'EG10486', 'EG10485', 'EG10484']"
"['EG10301', 'EG10487', 'EG10486', 'EG10485', 'EG10484', 'EG10483']","['EG10301', 'EG10487', 'EG10486', 'EG10485', 'EG10484', 'EG10483']"
"['EG10302', 'EG10304', 'EG10305', 'EG10303']","['EG10302', 'EG10304', 'EG10305', 'EG10303']"
"['EG10308', 'EG10311', 'EG10315', 'EG10314', 'EG10457', 'EG10313', 'EG10310', 'EG11974', 'EG10308']","['EG10308', 'EG10311', 'EG10315', 'EG10314', 'EG10457', 'EG10313', 'EG10310', 'EG11974', 'EG10308']"
"['EG11565', 'EG11564', 'EG11563', 'EG11562']","['EG11565', 'EG11564', 'EG11563', 'EG11562']"
"['G358', 'G359', 'G360', 'G361', 'G362', 'G363', 'G364', 'G365', 'G366']","['G358', 'G359', 'G360', 'G361', 'G362', 'G363', 'G364', 'G365', 'G366']"
"['EG11545', 'EG11967']","['EG11545', 'EG11967']"
"['G6562', 'G369']","['G6562', 'G369']"
"['G6562', 'G369', 'G357']","['G6562', 'G369', 'G357']"
"['EG10319', 'EG10320']","['EG10319', 'EG10320']"
"['G7027', 'G370', 'G7028']","['G7027', 'G370', 'G7028']"
"['EG10841', 'EG11388', 'EG11389']","['EG10841', 'EG11388', 'EG11389']"
"['EG11347', 'EG11654', 'EG11656', 'G377', 'G378', 'G379']","['EG11347', 'EG11654', 'EG11656', 'G377', 'G378', 'G379']"
"['G379', 'G378', 'G377', 'EG11656', 'EG11654', 'EG11347']","['G379', 'G378', 'G377', 'EG11656', 'EG11654', 'EG11347']"
"['EG10322', 'EG10323', 'EG10324', 'EG11224', 'EG11975', 'EG11976', 'EG11977']","['EG10322', 'EG10323', 'EG10324', 'EG11224', 'EG11975', 'EG11976', 'EG11977']"
"['EG11977', 'EG11976', 'EG11975', 'EG11224', 'EG10324', 'EG10323', 'EG10322']","['EG11977', 'EG11976', 'EG11975', 'EG11224', 'EG10324', 'EG10323', 'EG10322']"
"['EG11389', 'EG11388', 'EG10841']","['EG11389', 'EG11388', 'EG10841']"
"['EG10325', 'G0-10677']","['EG10325', 'G0-10677']"
"['G7309', 'G7308', 'G7307', 'G7306', 'G7305', 'G7304', 'G7303', 'G7302', 'G7301', 'G7300', 'EG11282', 'EG11150']","['G7309', 'G7308', 'G7307', 'G7306', 'G7305', 'G7304', 'G7303', 'G7302', 'G7301', 'G7300', 'EG11282', 'EG11150']"
"['EG10327', 'EG10218']","['EG10327', 'EG10218']"
"['EG10328', 'EG12879']","['EG10328', 'EG12879']"
"['EG11375', 'EG11290']","['EG11375', 'EG11290']"
"['EG11374', 'EG10690']","['EG11374', 'EG10690']"
"['EG11374', 'EG10690']","['EG11374', 'EG10690']"
"['G6862', 'G6861']","['G6862', 'G6861']"
"['EG50011', 'EG11553']","['EG50011', 'EG11553']"
"['EG10628', 'G7990']","['EG10628', 'G7990']"
"['EG10333', 'EG10332', 'EG10331', 'EG10330']","['EG10333', 'EG10332', 'EG10331', 'EG10330']"
"['G7727', 'G7726', 'G7724', 'G7723', 'EG12908']","['G7727', 'G7726', 'G7724', 'G7723', 'EG12908']"
"['G6209', 'EG50010', 'G6208']","['G6209', 'EG50010', 'G6208']"
"['EG10336', 'EG10337', 'G7990']","['EG10336', 'EG10337', 'G7990']"
"['EG11864', 'EG11863', 'EG11862', 'EG11861']","['EG11864', 'EG11863', 'EG11862', 'EG11861']"
"['EG11909', 'EG11908']","['EG11909', 'EG11908']"
"['G7250', 'G7249', 'G7248', 'G7247', 'G7246']","['G7250', 'G7249', 'G7248', 'G7247', 'G7246']"
"['EG10334', 'G6256', 'EG10456']","['EG10334', 'G6256', 'EG10456']"
"['G7424', 'EG10661']","['G7424', 'EG10661']"
"['EG11506', 'EG11507']","['EG11506', 'EG11507']"
"['EG10342', 'EG10339', 'EG10347']","['EG10342', 'EG10339', 'EG10347']"
"['EG10345', 'EG10340', 'EG10346']","['EG10345', 'EG10340', 'EG10346']"
"['EG10347', 'EG10339']","['EG10347', 'EG10339']"
"['EG10351', 'EG10348']","['EG10351', 'EG10348']"
"['EG10352', 'EG10349', 'EG10350', 'EG10355', 'EG10353']","['EG10352', 'EG10349', 'EG10350', 'EG10355', 'EG10353']"
"['EG10357', 'EG10006']","['EG10357', 'EG10006']"
"['EG10358', 'EG10356']","['EG10358', 'EG10356']"
"['EG11330', 'EG10361', 'EG11329']","['EG11330', 'EG10361', 'EG11329']"
"['EG11330', 'EG10361', 'EG11329', 'EG12387', 'G7394']","['EG11330', 'EG10361', 'EG11329', 'EG12387', 'G7394']"
"['G6786', 'EG11490']","['G6786', 'EG11490']"
"['G0-16680', 'EG11544']","['G0-16680', 'EG11544']"
"['G0-16680', 'EG12241', 'EG12240', 'EG11544']","['G0-16680', 'EG12241', 'EG12240', 'EG11544']"
"['G0-16680', 'EG12241', 'EG12240', 'EG11544']","['G0-16680', 'EG12241', 'EG12240', 'EG11544']"
"['EG12242', 'EG12243']","['EG12242', 'EG12243']"
"['EG12243', 'EG50009']","['EG12243', 'EG50009']"
"['EG10363', 'EG10366', 'EG10362']","['EG10363', 'EG10366', 'EG10362']"
"['EG11698', 'EG10363', 'EG10366', 'EG10362']","['EG11698', 'EG10363', 'EG10366', 'EG10362']"
"['EG10366', 'EG10362']","['EG10366', 'EG10362']"
"['EG12414', 'G6679', 'EG12415', 'EG12416', 'EG12417', 'G7128']","['EG12414', 'G6679', 'EG12415', 'EG12416', 'EG12417', 'G7128']"
"['EG12417', 'EG12416', 'EG12415', 'EG12414', 'G6679', 'G7128', 'EG12419']","['EG12417', 'EG12416', 'EG12415', 'EG12414', 'G6679', 'G7128', 'EG12419']"
"['G8207', 'EG12162']","['G8207', 'EG12162']"
"['EG11810', 'EG10371', 'EG11442']","['EG11810', 'EG10371', 'EG11442']"
"['G6507', 'G6506', 'G6505']","['G6507', 'G6506', 'G6505']"
"['G6504', 'G6503', 'EG11826']","['G6504', 'G6503', 'EG11826']"
"['G0-10472', 'G7830']","['G0-10472', 'G7830']"
"['G0-10472', 'G7830']","['G0-10472', 'G7830']"
"['G7503', 'G7502', 'G7501']","['G7503', 'G7502', 'G7501']"
"['G7542', 'EG10787', 'EG20080']","['G7542', 'EG10787', 'EG20080']"
"['G7542', 'EG10787', 'EG20080', 'G7543', 'G0-8601', 'G7544', 'G7545']","['G7542', 'EG10787', 'EG20080', 'G7543', 'G0-8601', 'G7544', 'G7545']"
"['EG10380', 'EG10377']","['EG10380', 'EG10377']"
"['EG10380', 'EG10377', 'EG10379']","['EG10380', 'EG10377', 'EG10379']"
"['EG10380', 'EG10377', 'EG10379', 'EG10381', 'EG10378']","['EG10380', 'EG10377', 'EG10379', 'EG10381', 'EG10378']"
"['EG10382', 'EG11198']","['EG10382', 'EG11198']"
"['EG10384', 'EG11285']","['EG10384', 'EG11285']"
"['EG10385', 'EG10387']","['EG10385', 'EG10387']"
"['EG10385', 'EG10387', 'EG10383']","['EG10385', 'EG10387', 'EG10383']"
"['EG10389', 'EG10388', 'EG10386']","['EG10389', 'EG10388', 'EG10386']"
"['EG30031', 'EG30029', 'EG30031', 'EG30059', 'EG30030']","['EG30031', 'EG30029', 'EG30031', 'EG30059', 'EG30030']"
"['EG30031', 'EG30029', 'EG30031', 'EG30059', 'EG30030', 'EG30028', 'EG30030', 'EG30052', 'EG30058', 'EG30059']","['EG30031', 'EG30029', 'EG30031', 'EG30059', 'EG30030', 'EG30028', 'EG30030', 'EG30052', 'EG30058', 'EG30059']"
"['G6891', 'G6890', 'G6889']","['G6891', 'G6890', 'G6889']"
"['G6475', 'G6474']","['G6475', 'G6474']"
"['EG10391', 'EG10392', 'EG10393']","['EG10391', 'EG10392', 'EG10393']"
"['EG10399', 'EG10401']","['EG10399', 'EG10401']"
"['EG10400', 'EG10397']","['EG10400', 'EG10397']"
"['EG10400', 'EG10397', 'EG10395']","['EG10400', 'EG10397', 'EG10395']"
"['EG11517', 'EG10398', 'EG10396']","['EG11517', 'EG10398', 'EG10396']"
"['G6810', 'G6809']","['G6810', 'G6809']"
"['EG10403', 'EG10404', 'EG11514']","['EG10403', 'EG10404', 'EG11514']"
"['EG12663', 'EG12662', 'EG12661', 'G0-9383', 'G6359']","['EG12663', 'EG12662', 'EG12661', 'G0-9383', 'G6359']"
"['EG11362', 'EG10230']","['EG11362', 'EG10230']"
"['EG11362', 'EG10230']","['EG11362', 'EG10230']"
"['EG11710', 'EG11709', 'EG11708']","['EG11710', 'EG11709', 'EG11708']"
"['G6283', 'G6282']","['G6283', 'G6282']"
"['G6283', 'G6282', 'G6281', 'G6280', 'G6278', 'G6277', 'EG11583']","['G6283', 'G6282', 'G6281', 'G6280', 'G6278', 'G6277', 'EG11583']"
"['EG10409', 'EG10410', 'EG10409']","['EG10409', 'EG10410', 'EG10409']"
"['EG30038', 'EG30040', 'EG30041', 'EG30040', 'EG30041']","['EG30038', 'EG30040', 'EG30041', 'EG30040', 'EG30041']"
"['G0-9662', 'G6512']","['G0-9662', 'G6512']"
"['EG12631', 'EG12629']","['EG12631', 'EG12629']"
"['EG12631', 'EG12629', 'EG12630']","['EG12631', 'EG12629', 'EG12630']"
"['EG10089', 'EG10090', 'EG10413', 'EG10414']","['EG10089', 'EG10090', 'EG10413', 'EG10414']"
"['EG10414', 'EG10567', 'EG10569', 'EG10787']","['EG10414', 'EG10567', 'EG10569', 'EG10787']"
"['EG10599', 'EG10600']","['EG10599', 'EG10600']"
"['EG12294', 'EG12295', 'EG20091', 'EG10937']","['EG12294', 'EG12295', 'EG20091', 'EG10937']"
"['EG10419', 'EG12366']","['EG10419', 'EG12366']"
"['G6432', 'G6431', 'G6430', 'G6429', 'EG12407']","['G6432', 'G6431', 'G6430', 'G6429', 'EG12407']"
"['EG11263', 'G7701']","['EG11263', 'G7701']"
"['EG11359', 'EG12173', 'G7711', 'G7710', 'G7709', 'G7708', 'G7707', 'G7706', 'G7705', 'G7704', 'G7703', 'G7702']","['EG11359', 'EG12173', 'G7711', 'G7710', 'G7709', 'G7708', 'G7707', 'G7706', 'G7705', 'G7704', 'G7703', 'G7702']"
"['EG10420', 'EG10421']","['EG10420', 'EG10421']"
"['G7445', 'G7446', 'G7447']","['G7445', 'G7446', 'G7447']"
"['G7336', 'G7335', 'M015', 'G7334', 'M015', 'M009']","['G7336', 'G7335', 'M015', 'G7334', 'M015', 'M009']"
"['G6456', 'G6457']","['G6456', 'G6457']"
"['EG12189', 'EG11823']","['EG12189', 'EG11823']"
"['EG11485', 'EG11021', 'EG11484', 'EG10698']","['EG11485', 'EG11021', 'EG11484', 'EG10698']"
"['G7531', 'G7530']","['G7531', 'G7530']"
"['G7531', 'G7530', 'G7529', 'G7528', 'G7527']","['G7531', 'G7530', 'G7529', 'G7528', 'G7527']"
"['EG10434', 'EG10433', 'EG10430', 'EG10429', 'EG11543']","['EG10434', 'EG10433', 'EG10430', 'EG10429', 'EG11543']"
"['EG10435', 'EG10436', 'EG10437', 'EG10438']","['EG10435', 'EG10436', 'EG10437', 'EG10438']"
"['EG10435', 'EG10436', 'EG10437', 'EG10438', 'EG10595']","['EG10435', 'EG10436', 'EG10437', 'EG10438', 'EG10595']"
"['EG10435', 'EG10436', 'EG10437', 'EG10438', 'EG10595', 'EG11281']","['EG10435', 'EG10436', 'EG10437', 'EG10438', 'EG10595', 'EG11281']"
"['EG10435', 'EG10436', 'EG10437', 'EG10438', 'EG10595', 'EG11281', 'EG11363', 'EG11757']","['EG10435', 'EG10436', 'EG10437', 'EG10438', 'EG10595', 'EG11281', 'EG11363', 'EG11757']"
"['EG10435', 'EG10436', 'EG10437', 'EG10438', 'EG10595', 'EG11281', 'EG11363', 'EG11757', 'EG11758']","['EG10435', 'EG10436', 'EG10437', 'EG10438', 'EG10595', 'EG11281', 'EG11363', 'EG11757', 'EG11758']"
"['G6749', 'G0-10451']","['G6749', 'G0-10451']"
"['G7602', 'G7601']","['G7602', 'G7601']"
"['EG10443', 'EG10442']","['EG10443', 'EG10442']"
"['EG10451', 'EG10448', 'EG10444', 'EG10450', 'EG10445']","['EG10451', 'EG10448', 'EG10444', 'EG10450', 'EG10445']"
"['EG11269', 'EG10449', 'EG10447', 'EG10446', 'EG10445', 'EG10450', 'EG10444', 'EG10448', 'EG10451']","['EG11269', 'EG10449', 'EG10447', 'EG10446', 'EG10445', 'EG10450', 'EG10444', 'EG10448', 'EG10451']"
"['EG10452', 'EG10007', 'EG12125', 'EG12124']","['EG10452', 'EG10007', 'EG12125', 'EG12124']"
"['EG10452', 'EG10007', 'EG12125', 'EG12124', 'EG10072']","['EG10452', 'EG10007', 'EG12125', 'EG12124', 'EG10072']"
"['EG10456', 'EG10859']","['EG10456', 'EG10859']"
"['EG10457', 'EG11554']","['EG10457', 'EG11554']"
"['G7739', 'G7738', 'G7737', 'G7736']","['G7739', 'G7738', 'G7737', 'G7736']"
"['EG11130', 'EG11131', 'EG10836']","['EG11130', 'EG11131', 'EG10836']"
"['G7057', 'G7056']","['G7057', 'G7056']"
"['EG10460', 'EG10458']","['EG10460', 'EG10458']"
"['EG10460', 'EG10458', 'EG10459']","['EG10460', 'EG10458', 'EG10459']"
"['G7744', 'G7743']","['G7744', 'G7743']"
"['G7743', 'G7742']","['G7743', 'G7742']"
"['EG11881', 'EG11676']","['EG11881', 'EG11676']"
"['EG10468', 'EG10469', 'EG10470', 'EG10471', 'EG10472', 'EG10473']","['EG10468', 'EG10469', 'EG10470', 'EG10471', 'EG10472', 'EG10473']"
"['G7554', 'EG11805', 'EG11804', 'EG11803', 'EG11802', 'EG11801', 'EG11800', 'EG11799']","['G7554', 'EG11805', 'EG11804', 'EG11803', 'EG11802', 'EG11801', 'EG11800', 'EG11799']"
"['G7414', 'EG10481', 'EG10480', 'EG10479', 'EG10478', 'EG10477', 'EG10476', 'EG10475', 'EG10474']","['G7414', 'EG10481', 'EG10480', 'EG10479', 'EG10478', 'EG10477', 'EG10476', 'EG10475', 'EG10474']"
"['EG10483', 'EG10484', 'EG10485', 'EG10486', 'EG10487']","['EG10483', 'EG10484', 'EG10485', 'EG10486', 'EG10487']"
"['EG10484', 'EG10485', 'EG10486', 'EG10487']","['EG10484', 'EG10485', 'EG10486', 'EG10487']"
"['EG11551', 'EG11552']","['EG11551', 'EG11552']"
"['EG11535', 'EG11534']","['EG11535', 'EG11534']"
"['EG10402', 'EG10489']","['EG10402', 'EG10489']"
"['G0-16685', 'G7923']","['G0-16685', 'G7923']"
"['G0-16685', 'G0-16687', 'G0-16686', 'G7923']","['G0-16685', 'G0-16687', 'G0-16686', 'G7923']"
"['G7891', 'EG12539', 'G7892', 'G7893']","['G7891', 'EG12539', 'G7892', 'G7893']"
"['EG10440', 'EG11272', 'EG10710', 'EG10709']","['EG10440', 'EG11272', 'EG10710', 'EG10709']"
"['EG10440', 'EG10710', 'EG10709', 'EG11272', 'EG10881', 'EG11231', 'EG10506', 'EG11001']","['EG10440', 'EG10710', 'EG10709', 'EG11272', 'EG10881', 'EG11231', 'EG10506', 'EG11001']"
"['EG10441', 'EG10900']","['EG10441', 'EG10900']"
"['EG10493', 'EG10496', 'EG10497']","['EG10493', 'EG10496', 'EG10497']"
"['EG10499', 'EG10500']","['EG10499', 'EG10500']"
"['EG10500', 'EG10499']","['EG10500', 'EG10499']"
"['EG10502', 'EG10494', 'EG11275']","['EG10502', 'EG10494', 'EG11275']"
"['G0-10641', 'EG10493', 'EG10496', 'EG10497', 'EG10501', 'EG11270']","['G0-10641', 'EG10493', 'EG10496', 'EG10497', 'EG10501', 'EG11270']"
"['EG10505', 'EG10665', 'EG11179', 'EG30061']","['EG10505', 'EG10665', 'EG11179', 'EG30061']"
"['EG10506', 'EG11001']","['EG10506', 'EG11001']"
"['G6086', 'G6085', 'G0-10535']","['G6086', 'G6085', 'G0-10535']"
"['G6139', 'G6138', 'G0-10537', 'EG12340']","['G6139', 'G6138', 'G0-10537', 'EG12340']"
"['G6146', 'G6145', 'G0-10538']","['G6146', 'G6145', 'G0-10538']"
"['G7030', 'G7029', 'G0-10539']","['G7030', 'G7029', 'G0-10539']"
"['G6509', 'G0-10430', 'G0-10536']","['G6509', 'G0-10430', 'G0-10536']"
"['G7762', 'G7761', 'G0-10540', 'G7759']","['G7762', 'G7761', 'G0-10540', 'G7759']"
"['G6724', 'G6723', 'G0-10542']","['G6724', 'G6723', 'G0-10542']"
"['G7077', 'G7076', 'G0-10543']","['G7077', 'G7076', 'G0-10543']"
"['G7481', 'G7480', 'G0-10544', 'G7479']","['G7481', 'G7480', 'G0-10544', 'G7479']"
"['G6213', 'G6212', 'G0-10541']","['G6213', 'G6212', 'G0-10541']"
"['G7895', 'G7894', 'G0-10546']","['G7895', 'G7894', 'G0-10546']"
"['G6224', 'G6223', 'G0-10529']","['G6224', 'G6223', 'G0-10529']"
"['G6534', 'G6533', 'G0-10531']","['G6534', 'G6533', 'G0-10531']"
"['G6169', 'G6168', 'G0-10525']","['G6169', 'G6168', 'G0-10525']"
"['G6297', 'G6296', 'G0-10530']","['G6297', 'G6296', 'G0-10530']"
"['G7126', 'G7125', 'G0-10528']","['G7126', 'G7125', 'G0-10528']"
"['G6134', 'G7672', 'G7769']","['G6134', 'G7672', 'G7769']"
"['G6308', 'G0-16639']","['G6308', 'G0-16639']"
"['G6131', 'G6130', 'G7904']","['G6131', 'G6130', 'G7904']"
"['G7776', 'G0-10624']","['G7776', 'G0-10624']"
"['G7904', 'G6132', 'G7906']","['G7904', 'G6132', 'G7906']"
"['G6837', 'G6836', 'EG11304', 'EG11303', 'EG10227']","['G6837', 'G6836', 'EG11304', 'EG11303', 'EG10227']"
"['EG12132', 'G7324', 'G7325', 'G7326']","['EG12132', 'G7324', 'G7325', 'G7326']"
"['EG12311', 'EG11328', 'EG12130', 'EG12131']","['EG12311', 'EG11328', 'EG12130', 'EG12131']"
"['EG11816', 'G7423']","['EG11816', 'G7423']"
"['EG10370', 'G0-9385']","['EG10370', 'G0-9385']"
"['EG11081', 'EG11080', 'EG10548']","['EG11081', 'EG11080', 'EG10548']"
"['EG11081', 'EG11080', 'EG10548', 'EG10492']","['EG11081', 'EG11080', 'EG10548', 'EG10492']"
"['G0-8905', 'G7080']","['G0-8905', 'G7080']"
"['G0-10202', 'G0-10201']","['G0-10202', 'G0-10201']"
"['G0-10202', 'G0-10201']","['G0-10202', 'G0-10201']"
"['G7395', 'G7396']","['G7395', 'G7396']"
"['EG10517', 'EG10516']","['EG10517', 'EG10516']"
"['G0-10439', 'EG10515', 'EG10514', 'EG10513']","['G0-10439', 'EG10515', 'EG10514', 'EG10513']"
"['EG10518', 'EG11251', 'G6630']","['EG10518', 'EG11251', 'G6630']"
"['EG10519', 'G6472']","['EG10519', 'G6472']"
"['G7662', 'EG12802']","['G7662', 'EG12802']"
"['EG10521', 'EG11568']","['EG10521', 'EG11568']"
"['G7717', 'EG20110', 'G0-10466']","['G7717', 'EG20110', 'G0-10466']"
"['EG12155', 'G0-9081']","['EG12155', 'G0-9081']"
"['EG10524', 'EG10526']","['EG10524', 'EG10526']"
"['EG10524', 'EG10526', 'EG10527']","['EG10524', 'EG10526', 'EG10527']"
"['EG10525', 'G6201']","['EG10525', 'G6201']"
"['EG12691', 'G6637']","['EG12691', 'G6637']"
"['EG10529', 'EG10530']","['EG10529', 'EG10530']"
"['EG11575', 'EG11576', 'EG11577', 'EG11226', 'EG11280']","['EG11575', 'EG11576', 'EG11577', 'EG11226', 'EG11280']"
"['EG10532', 'EG10855', 'EG11412', 'G6350', 'G6349']","['EG10532', 'EG10855', 'EG11412', 'G6350', 'G6349']"
"['EG30050', 'EG12095']","['EG30050', 'EG12095']"
"['EG30047', 'EG30048', 'EG30051', 'EG30047', 'EG30048']","['EG30047', 'EG30048', 'EG30051', 'EG30047', 'EG30048']"
"['EG10533', 'EG11491']","['EG10533', 'EG11491']"
"['EG10534', 'G0-10462']","['EG10534', 'G0-10462']"
"['EG11591', 'EG11592']","['EG11591', 'EG11592']"
"['EG10536', 'EG10537', 'EG10541', 'EG10538', 'EG10540']","['EG10536', 'EG10537', 'EG10541', 'EG10538', 'EG10540']"
"['EG11963', 'EG11962', 'EG11961']","['EG11963', 'EG11962', 'EG11961']"
"['EG10168', 'G6361', 'G6362', 'G6363']","['EG10168', 'G6361', 'G6362', 'G6363']"
"['G6575', 'G6574', 'G6573']","['G6575', 'G6574', 'G6573']"
"['G6692', 'G6694', 'G6691']","['G6692', 'G6694', 'G6691']"
"['EG10542', 'EG10159']","['EG10542', 'EG10159']"
"['G6465', 'EG11796', 'EG10951']","['G6465', 'EG11796', 'EG10951']"
"['EG11680', 'G7665']","['EG11680', 'G7665']"
"['EG11680', 'G7665', 'G7664', 'G7663']","['EG11680', 'G7665', 'G7664', 'G7663']"
"['EG11680', 'G7665', 'G7664', 'G7663', 'G7662', 'EG12802']","['EG11680', 'G7665', 'G7664', 'G7663', 'G7662', 'EG12802']"
"['G7889', 'G7888']","['G7889', 'G7888']"
"['EG10545', 'EG11284', 'EG10316', 'EG10455']","['EG10545', 'EG11284', 'EG10316', 'EG10455']"
"['EG10265', 'EG10347', 'EG10339', 'EG10342', 'EG10214', 'EG10619', 'EG10623', 'EG10344', 'EG10620', 'EG10604', 'EG10622', 'EG10621', 'EG10341', 'EG11086']","['EG10265', 'EG10347', 'EG10339', 'EG10342', 'EG10214', 'EG10619', 'EG10623', 'EG10344', 'EG10620', 'EG10604', 'EG10622', 'EG10621', 'EG10341', 'EG11086']"
"['EG10265', 'EG10347', 'EG10339', 'EG10342', 'EG10214', 'EG10619', 'EG10623', 'EG10344', 'EG10620', 'EG10604', 'EG10622', 'EG10621', 'EG10341', 'EG11086', 'EG11085']","['EG10265', 'EG10347', 'EG10339', 'EG10342', 'EG10214', 'EG10619', 'EG10623', 'EG10344', 'EG10620', 'EG10604', 'EG10622', 'EG10621', 'EG10341', 'EG11086', 'EG11085']"
"['EG10265', 'EG10347', 'EG10339', 'EG10342', 'EG10214', 'EG10619', 'EG10623', 'EG10344', 'EG10620', 'EG10604', 'EG10622', 'EG10621', 'EG10341', 'EG11086', 'EG11085', 'EG11084']","['EG10265', 'EG10347', 'EG10339', 'EG10342', 'EG10214', 'EG10619', 'EG10623', 'EG10344', 'EG10620', 'EG10604', 'EG10622', 'EG10621', 'EG10341', 'EG11086', 'EG11085', 'EG11084']"
"['G7146', 'EG12104']","['G7146', 'EG12104']"
"['G6798', 'G6799']","['G6798', 'G6799']"
"['EG10552', 'EG10762']","['EG10552', 'EG10762']"
"['EG30055', 'EG30057', 'G6390', 'EG30109', 'G6389', 'EG30057']","['EG30055', 'EG30057', 'G6390', 'EG30109', 'G6389', 'EG30057']"
"['G6390', 'G6389']","['G6390', 'G6389']"
"['G6462', 'G6461']","['G6462', 'G6461']"
"['EG10556', 'EG10555', 'EG10554']","['EG10556', 'EG10555', 'EG10554']"
"['EG10558', 'EG10528', 'EG10559']","['EG10558', 'EG10528', 'EG10559']"
"['EG10561', 'EG10560']","['EG10561', 'EG10560']"
"['EG10563', 'EG10564']","['EG10563', 'EG10564']"
"['EG10567', 'EG10568', 'EG10569']","['EG10567', 'EG10568', 'EG10569']"
"['EG10570', 'EG11411', 'EG10207']","['EG10570', 'EG11411', 'EG10207']"
"['EG11637', 'EG10957']","['EG11637', 'EG10957']"
"['EG11435', 'EG11434', 'EG11599']","['EG11435', 'EG11434', 'EG11599']"
"['EG11249', 'EG10571', 'EG10835']","['EG11249', 'EG10571', 'EG10835']"
"['EG10572', 'EG11249', 'EG10571']","['EG10572', 'EG11249', 'EG10571']"
"['EG10575', 'EG10574']","['EG10575', 'EG10574']"
"['EG11622', 'G6248']","['EG11622', 'G6248']"
"['EG12241', 'EG12240']","['EG12241', 'EG12240']"
"['G6858', 'G6857']","['G6858', 'G6857']"
"['EG12576', 'G7933']","['EG12576', 'G7933']"
"['EG11954', 'EG11953', 'EG11952']","['EG11954', 'EG11953', 'EG11952']"
"['EG10577', 'EG10578']","['EG10577', 'EG10578']"
"['EG12437', 'EG11532', 'EG11368']","['EG12437', 'EG11532', 'EG11368']"
"['EG12437', 'EG11532', 'EG11368', 'EG12438', 'EG10579']","['EG12437', 'EG11532', 'EG11368', 'EG12438', 'EG10579']"
"['EG12437', 'EG11532', 'EG11368', 'EG12438', 'EG10579', 'EG12362']","['EG12437', 'EG11532', 'EG11368', 'EG12438', 'EG10579', 'EG12362']"
"['EG10590', 'EG10582', 'EG10584']","['EG10590', 'EG10582', 'EG10584']"
"['EG11504', 'EG11737', 'EG11621', 'EG11295']","['EG11504', 'EG11737', 'EG11621', 'EG11295']"
"['EG30060', 'EG30062', 'EG31117', 'EG30060']","['EG30060', 'EG30062', 'EG31117', 'EG30060']"
"['EG10594', 'EG10592']","['EG10594', 'EG10592']"
"['EG10594', 'EG10592', 'EG10593']","['EG10594', 'EG10592', 'EG10593']"
"['G6497', 'EG12690']","['G6497', 'EG12690']"
"['G0-10689', 'EG12525']","['G0-10689', 'EG12525']"
"['M014', 'G6205', 'M013', 'M012', 'M011', 'M010']","['M014', 'G6205', 'M013', 'M012', 'M011', 'M010']"
"['G0-8866', 'EG10627']","['G0-8866', 'EG10627']"
"['EG10598', 'EG10597', 'EG10596']","['EG10598', 'EG10597', 'EG10596']"
"['EG11199', 'EG10093']","['EG11199', 'EG10093']"
"['EG12801', 'EG12800', 'EG12799', 'G7659', 'G7658']","['EG12801', 'EG12800', 'EG12799', 'G7659', 'G7658']"
"['G7533', 'G7532']","['G7533', 'G7532']"
"['G7533', 'G7532', 'EG10627']","['G7533', 'G7532', 'EG10627']"
"['G6136', 'G6135']","['G6136', 'G6135']"
"['G6759', 'G6758']","['G6759', 'G6758']"
"['EG13236', 'EG13235']","['EG13236', 'EG13235']"
"['EG10375', 'EG11199', 'EG10093']","['EG10375', 'EG11199', 'EG10093']"
"['EG10375', 'EG10376']","['EG10375', 'EG10376']"
"['EG11595', 'EG11596', 'EG11666', 'EG11597', 'EG11598']","['EG11595', 'EG11596', 'EG11666', 'EG11597', 'EG11598']"
"['EG11598', 'EG11597', 'EG11666', 'EG11596']","['EG11598', 'EG11597', 'EG11666', 'EG11596']"
"['EG11598', 'EG11597', 'EG11666', 'EG11596', 'EG11595']","['EG11598', 'EG11597', 'EG11666', 'EG11596', 'EG11595']"
"['EG11828', 'EG11829']","['EG11828', 'EG11829']"
"['EG12427', 'EG10002', 'EG10152']","['EG12427', 'EG10002', 'EG10152']"
"['EG10152', 'EG10002', 'EG12427']","['EG10152', 'EG10002', 'EG12427']"
"['G6395', 'EG11677']","['G6395', 'EG11677']"
"['EG10154', 'EG10153']","['EG10154', 'EG10153']"
"['EG10373', 'G0-9563']","['EG10373', 'G0-9563']"
"['G6662', 'G0-10446', 'G0-10645', 'G6663']","['G6662', 'G0-10446', 'G0-10645', 'G6663']"
"['EG10603', 'EG11354', 'EG11439']","['EG10603', 'EG11354', 'EG11439']"
"['G7571', 'G7572']","['G7571', 'G7572']"
"['G7572', 'G7571']","['G7572', 'G7571']"
"['EG10610', 'EG10609']","['EG10610', 'EG10609']"
"['EG10610', 'EG10609', 'EG10608']","['EG10610', 'EG10609', 'EG10608']"
"['G7840', 'EG10775']","['G7840', 'EG10775']"
"['G7060', 'G7059']","['G7060', 'G7059']"
"['EG10615', 'EG10616', 'EG11965']","['EG10615', 'EG10616', 'EG11965']"
"['EG11090', 'EG12334', 'EG12333']","['EG11090', 'EG12334', 'EG12333']"
"['EG10618', 'EG11252', 'EG12165', 'EG12167']","['EG10618', 'EG11252', 'EG12165', 'EG12167']"
"['EG11358', 'G7657']","['EG11358', 'G7657']"
"['EG11204', 'EG10126']","['EG11204', 'EG10126']"
"['G7264', 'G7263']","['G7264', 'G7263']"
"['EG10329', 'EG10891', 'EG10886']","['EG10329', 'EG10891', 'EG10886']"
"['EG10329', 'EG10891', 'EG10886', 'EG11312']","['EG10329', 'EG10891', 'EG10886', 'EG11312']"
"['EG10626', 'EG10936', 'EG11087']","['EG10626', 'EG10936', 'EG11087']"
"['G7610', 'G7609']","['G7610', 'G7609']"
"['EG11335', 'EG11296']","['EG11335', 'EG11296']"
"['G7920', 'G7921']","['G7920', 'G7921']"
"['G7919', 'G7920', 'G7921']","['G7919', 'G7920', 'G7921']"
"['EG12060', 'EG12061', 'EG12062', 'EG12064', 'EG12067', 'EG12143', 'EG12068']","['EG12060', 'EG12061', 'EG12062', 'EG12064', 'EG12067', 'EG12143', 'EG12068']"
"['EG10638', 'EG10639', 'EG10641', 'EG10640']","['EG10638', 'EG10639', 'EG10641', 'EG10640']"
"['EG10643', 'EG10646']","['EG10643', 'EG10646']"
"['EG10644', 'EG10645']","['EG10644', 'EG10645']"
"['EG10644', 'EG10645', 'EG10647', 'EG10648']","['EG10644', 'EG10645', 'EG10647', 'EG10648']"
"['G6383', 'G6382', 'G6381', 'G6380', 'G6379']","['G6383', 'G6382', 'G6381', 'G6380', 'G6379']"
"['G6890', 'G6889']","['G6890', 'G6889']"
"['EG11915', 'EG11543', 'EG11702']","['EG11915', 'EG11543', 'EG11702']"
"['EG11740', 'EG11739']","['EG11740', 'EG11739']"
"['G7748', 'G7747']","['G7748', 'G7747']"
"['EG11078', 'EG10652']","['EG11078', 'EG10652']"
"['EG12079', 'EG11519', 'EG12078', 'EG12077', 'EG12076', 'EG12075']","['EG12079', 'EG11519', 'EG12078', 'EG12077', 'EG12076', 'EG12075']"
"['EG11519', 'EG12075', 'EG12076', 'EG12077', 'EG12078', 'EG12079']","['EG11519', 'EG12075', 'EG12076', 'EG12077', 'EG12078', 'EG12079']"
"['EG10653', 'EG10655', 'EG10654', 'EG10188']","['EG10653', 'EG10655', 'EG10654', 'EG10188']"
"['EG12137', 'EG12354', 'G6098']","['EG12137', 'EG12354', 'G6098']"
"['EG12450', 'G7413']","['EG12450', 'G7413']"
"['G812', 'EG11417']","['G812', 'EG11417']"
"['G7401', 'G7402', 'EG12381', 'EG20257']","['G7401', 'G7402', 'EG12381', 'EG20257']"
"['EG11781', 'EG11945', 'EG11946', 'EG11947', 'EG11948', 'EG11949', 'EG11950']","['EG11781', 'EG11945', 'EG11946', 'EG11947', 'EG11948', 'EG11949', 'EG11950']"
"['EG10662', 'EG11028', 'G6876', 'G6875', 'G6874', 'G6873', 'G6872', 'G6871']","['EG10662', 'EG11028', 'G6876', 'G6875', 'G6874', 'G6873', 'G6872', 'G6871']"
"['EG10662', 'EG11028', 'G6876', 'G6875', 'G6874', 'G6873', 'G6872', 'G6871', 'G6870']","['EG10662', 'EG11028', 'G6876', 'G6875', 'G6874', 'G6873', 'G6872', 'G6871', 'G6870']"
"['EG12633', 'G7580', 'G7579', 'G7578', 'EG10687']","['EG12633', 'G7580', 'G7579', 'G7578', 'EG10687']"
"['EG12693', 'EG10683']","['EG12693', 'EG10683']"
"['EG12093', 'EG11773']","['EG12093', 'EG11773']"
"['EG12093', 'EG11773', 'EG12092', 'EG12091', 'EG12090', 'EG12089', 'EG12088', 'EG12087', 'EG11774', 'EG12086', 'EG12084', 'EG12083', 'EG12082', 'EG11773']","['EG12093', 'EG11773', 'EG12092', 'EG12091', 'EG12090', 'EG12089', 'EG12088', 'EG12087', 'EG11774', 'EG12086', 'EG12084', 'EG12083', 'EG12082', 'EG11773']"
"['EG10664', 'G7533', 'G7532']","['EG10664', 'G7533', 'G7532']"
"['EG10664', 'G7533', 'G7532', 'EG10627']","['EG10664', 'G7533', 'G7532', 'EG10627']"
"['G7656', 'EG11499', 'EG50002', 'EG50001']","['G7656', 'EG11499', 'EG50002', 'EG50001']"
"['G6657', 'G6656', 'G6655', 'G6654', 'G6653', 'G6652', 'G6651', 'G6650', 'G6649', 'G6648', 'G6647']","['G6657', 'G6656', 'G6655', 'G6654', 'G6653', 'G6652', 'G6651', 'G6650', 'G6649', 'G6648', 'G6647']"
"['G6700', 'G6701']","['G6700', 'G6701']"
"['EG10673', 'EG10268']","['EG10673', 'EG10268']"
"['EG11885', 'EG11886']","['EG11885', 'EG11886']"
"['EG11886', 'EG11885']","['EG11886', 'EG11885']"
"['EG10674', 'EG10675', 'EG10676', 'EG10677', 'EG10678']","['EG10674', 'EG10675', 'EG10676', 'EG10677', 'EG10678']"
"['EG11751', 'EG11752']","['EG11751', 'EG11752']"
"['EG11752', 'EG11751']","['EG11752', 'EG11751']"
"['G6719', 'G6718', 'G6717', 'G6716', 'G6715', 'G6714', 'G6713', 'G6712', 'G6711', 'G6710', 'G6709']","['G6719', 'G6718', 'G6717', 'G6716', 'G6715', 'G6714', 'G6713', 'G6712', 'G6711', 'G6710', 'G6709']"
"['G6721', 'G6720']","['G6721', 'G6720']"
"['EG10682', 'EG10307', 'EG12374', 'EG12374']","['EG10682', 'EG10307', 'EG12374', 'EG12374']"
"['EG10684', 'EG12854', 'EG11008']","['EG10684', 'EG12854', 'EG11008']"
"['EG11746', 'EG11675']","['EG11746', 'EG11675']"
"['G6239', 'G198']","['G6239', 'G198']"
"['G6157', 'G6156', 'G6155', 'G6154']","['G6157', 'G6156', 'G6155', 'G6154']"
"['G6755', 'G6752', 'G6753', 'G6754', 'G6751']","['G6755', 'G6752', 'G6753', 'G6754', 'G6751']"
"['G6755', 'G6754', 'G6753', 'G6752', 'G6751']","['G6755', 'G6754', 'G6753', 'G6752', 'G6751']"
"['G7350', 'G7349']","['G7350', 'G7349']"
"['EG10689', 'EG11817']","['EG10689', 'EG11817']"
"['G6252', 'EG11064']","['G6252', 'EG11064']"
"['EG10534', 'EG11938']","['EG10534', 'EG11938']"
"['EG11088', 'EG10024', 'EG10025', 'EG10543']","['EG11088', 'EG10024', 'EG10025', 'EG10543']"
"['EG10691', 'EG10985', 'EG11569']","['EG10691', 'EG10985', 'EG11569']"
"['G6879', 'EG11043']","['G6879', 'EG11043']"
"['G6879', 'EG11043', 'EG11487']","['G6879', 'EG11043', 'EG11487']"
"['EG10701', 'EG11258']","['EG10701', 'EG11258']"
"['EG11910', 'EG11911']","['EG11910', 'EG11911']"
"['G6528', 'G6529', 'G6530', 'G6531']","['G6528', 'G6529', 'G6530', 'G6531']"
"['EG10703', 'EG10368']","['EG10703', 'EG10368']"
"['EG12296', 'EG12144', 'G6655', 'EG12197']","['EG12296', 'EG12144', 'G6655', 'EG12197']"
"['EG10704', 'G6234', 'EG10666', 'EG11406', 'EG11322']","['EG10704', 'G6234', 'EG10666', 'EG11406', 'EG11322']"
"['EG10704', 'G6234', 'EG10666', 'EG11406', 'EG11322', 'EG11321', 'EG11320']","['EG10704', 'G6234', 'EG10666', 'EG11406', 'EG11322', 'EG11321', 'EG11320']"
"['EG11371', 'EG11372']","['EG11371', 'EG11372']"
"['EG10707', 'EG11271', 'EG11271']","['EG10707', 'EG11271', 'EG11271']"
"['EG11272', 'EG10881']","['EG11272', 'EG10881']"
"['EG10725', 'EG10724', 'EG10723', 'EG10722', 'EG10721']","['EG10725', 'EG10724', 'EG10723', 'EG10722', 'EG10721']"
"['EG10725', 'EG10724', 'EG10723', 'EG10722', 'EG10721', 'EG10720', 'EG10719', 'EG10718', 'EG10717', 'EG10716', 'EG10715', 'EG10713']","['EG10725', 'EG10724', 'EG10723', 'EG10722', 'EG10721', 'EG10720', 'EG10719', 'EG10718', 'EG10717', 'EG10716', 'EG10715', 'EG10713']"
"['EG10727', 'EG11401']","['EG10727', 'EG11401']"
"['EG10728', 'EG10728', 'EG10733', 'EG10782', 'EG10734']","['EG10728', 'EG10728', 'EG10733', 'EG10782', 'EG10734']"
"['EG10732', 'EG10731']","['EG10732', 'EG10731']"
"['EG10735', 'EG10783']","['EG10735', 'EG10783']"
"['EG10735', 'EG10783', 'EG10782', 'EG10784']","['EG10735', 'EG10783', 'EG10782', 'EG10784']"
"['EG10735', 'EG10783', 'EG10782', 'EG10784', 'EG10734']","['EG10735', 'EG10783', 'EG10782', 'EG10784', 'EG10734']"
"['EG11677', 'EG10736']","['EG11677', 'EG10736']"
"['EG11677', 'EG10736', 'EG11108']","['EG11677', 'EG10736', 'EG11108']"
"['EG11135', 'EG10045']","['EG11135', 'EG10045']"
"['EG10743', 'EG10914']","['EG10743', 'EG10914']"
"['EG10743', 'EG10914', 'EG11177', 'EG11178', 'EG10505', 'EG10665', 'EG11179', 'EG30061']","['EG10743', 'EG10914', 'EG11177', 'EG11178', 'EG10505', 'EG10665', 'EG11179', 'EG30061']"
"['EG10745', 'EG10744']","['EG10745', 'EG10744']"
"['EG11700', 'EG10630']","['EG11700', 'EG10630']"
"['EG10752', 'EG10751', 'EG10750', 'EG10749']","['EG10752', 'EG10751', 'EG10750', 'EG10749']"
"['EG11629', 'EG11630', 'EG11631', 'EG11632']","['EG11629', 'EG11630', 'EG11631', 'EG11632']"
"['EG11632', 'EG11631', 'EG11630', 'EG11629']","['EG11632', 'EG11631', 'EG11630', 'EG11629']"
"['EG10754', 'G6456', 'G6457']","['EG10754', 'G6456', 'G6457']"
"['EG10754', 'G6455', 'G6454']","['EG10754', 'G6455', 'G6454']"
"['EG12081', 'EG11156', 'EG11155', 'EG11154', 'EG10825']","['EG12081', 'EG11156', 'EG11155', 'EG11154', 'EG10825']"
"['EG12107', 'EG12106', 'EG11798']","['EG12107', 'EG12106', 'EG11798']"
"['EG10758', 'EG12666']","['EG10758', 'EG12666']"
"['EG11403', 'EG11510']","['EG11403', 'EG11510']"
"['G6492', 'G6491', 'G6490']","['G6492', 'G6491', 'G6490']"
"['EG11289', 'G7145']","['EG11289', 'G7145']"
"['EG10762', 'EG10830', 'EG11070']","['EG10762', 'EG10830', 'EG11070']"
"['EG10765', 'EG12830']","['EG10765', 'EG12830']"
"['EG11441', 'EG12233']","['EG11441', 'EG12233']"
"['EG12449', 'EG10075', 'EG10580', 'EG11144', 'G7201', 'G7200']","['EG12449', 'EG10075', 'EG10580', 'EG11144', 'G7201', 'G7200']"
"['EG12424', 'EG10761', 'EG10427']","['EG12424', 'EG10761', 'EG10427']"
"['EG10768', 'EG10767']","['EG10768', 'EG10767']"
"['EG12866', 'EG10760']","['EG12866', 'EG10760']"
"['EG10773', 'EG30067', 'EG10772', 'EG30066', 'EG10771']","['EG10773', 'EG30067', 'EG10772', 'EG30066', 'EG10771']"
"['G6233', 'EG12168']","['G6233', 'EG12168']"
"['G6200', 'G6199', 'G6198', 'G7415', 'G6196']","['G6200', 'G6199', 'G6198', 'G7415', 'G6196']"
"['EG10774', 'EG11294', 'EG11293']","['EG10774', 'EG11294', 'EG11293']"
"['EG10776', 'EG10777', 'EG10778', 'EG10779', 'EG10780']","['EG10776', 'EG10777', 'EG10778', 'EG10779', 'EG10780']"
"['EG10780', 'EG10779', 'EG10778', 'EG10777']","['EG10780', 'EG10779', 'EG10778', 'EG10777']"
"['EG10782', 'EG10784', 'EG10734']","['EG10782', 'EG10784', 'EG10734']"
"['EG11646', 'EG12033']","['EG11646', 'EG12033']"
"['EG20173', 'EG10027']","['EG20173', 'EG10027']"
"['EG10786', 'EG10824', 'EG10826']","['EG10786', 'EG10824', 'EG10826']"
"['EG11906', 'EG11905', 'EG11904']","['EG11906', 'EG11905', 'EG11904']"
"['EG10788', 'EG10789', 'EG10165']","['EG10788', 'EG10789', 'EG10165']"
"['EG11314', 'EG11345']","['EG11314', 'EG11345']"
"['EG10791', 'EG10794']","['EG10791', 'EG10794']"
"['EG10792', 'EG10795']","['EG10792', 'EG10795']"
"['EG10796', 'EG10793', 'EG10796']","['EG10796', 'EG10793', 'EG10796']"
"['EG10798', 'EG10799']","['EG10798', 'EG10799']"
"['G6646', 'EG11822', 'EG10036']","['G6646', 'EG11822', 'EG10036']"
"['G6646', 'EG11822', 'EG10036', 'EG12431', 'G6645']","['G6646', 'EG11822', 'EG10036', 'EG12431', 'G6645']"
"['G6382', 'G6383', 'G6381', 'G6380', 'G6379']","['G6382', 'G6383', 'G6381', 'G6380', 'G6379']"
"['EG10808', 'EG11279', 'EG10863']","['EG10808', 'EG11279', 'EG10863']"
"['EG11279', 'EG10811', 'EG10805']","['EG11279', 'EG10811', 'EG10805']"
"['G6265', 'G6264']","['G6265', 'G6264']"
"['EG12658', 'G7575']","['EG12658', 'G7575']"
"['EG11296', 'EG10945']","['EG11296', 'EG10945']"
"['EG12146', 'EG10635', 'EG11682', 'EG11681', 'EG10898', 'EG11680']","['EG12146', 'EG10635', 'EG11682', 'EG11681', 'EG10898', 'EG11680']"
"['EG12690', 'G6465']","['EG12690', 'G6465']"
"['G7358', 'G7357']","['G7358', 'G7357']"
"['EG11731', 'EG11730']","['EG11731', 'EG11730']"
"['G7175', 'EG11851']","['G7175', 'EG11851']"
"['EG10819', 'EG10817', 'EG10814', 'EG10816', 'EG10815', 'EG10818']","['EG10819', 'EG10817', 'EG10814', 'EG10816', 'EG10815', 'EG10818']"
"['G6173', 'G6171']","['G6173', 'G6171']"
"['G6171', 'G6173', 'G6174']","['G6171', 'G6173', 'G6174']"
"['G7139', 'G7138']","['G7139', 'G7138']"
"['EG10821', 'EG12385']","['EG10821', 'EG12385']"
"['EG11502', 'EG11503']","['EG11502', 'EG11503']"
"['G7823', 'EG11210']","['G7823', 'EG11210']"
"['EG10827', 'EG11899', 'EG11900', 'EG11901', 'G6677', 'G6676']","['EG10827', 'EG11899', 'EG11900', 'EG11901', 'G6677', 'G6676']"
"['EG10828', 'EG10242']","['EG10828', 'EG10242']"
"['EG10828', 'EG10242', 'EG10235']","['EG10828', 'EG10242', 'EG10235']"
"['EG10830', 'EG11070', 'EG11071']","['EG10830', 'EG11070', 'EG11071']"
"['EG10834', 'EG11100']","['EG10834', 'EG11100']"
"['EG12080', 'EG10823']","['EG12080', 'EG10823']"
"['EG10836', 'EG11131']","['EG10836', 'EG11131']"
"['EG10838', 'EG12210', 'EG11189', 'EG11424']","['EG10838', 'EG12210', 'EG11189', 'EG11424']"
"['EG11980', 'EG11979', 'EG11978']","['EG11980', 'EG11979', 'EG11978']"
"['EG11980', 'EG11979', 'EG11978', 'EG11979', 'EG12411', 'EG12412']","['EG11980', 'EG11979', 'EG11978', 'EG11979', 'EG12411', 'EG12412']"
"['EG11458', 'EG11457', 'G7800', 'EG11486', 'EG11456', 'EG11455', 'EG11454', 'EG11453', 'EG11452', 'EG11451', 'EG11295', 'EG10840']","['EG11458', 'EG11457', 'G7800', 'EG11486', 'EG11456', 'EG11455', 'EG11454', 'EG11453', 'EG11452', 'EG11451', 'EG11295', 'EG10840']"
"['EG11866', 'EG11867', 'EG11868']","['EG11866', 'EG11867', 'EG11868']"
"['EG10843', 'EG10842']","['EG10843', 'EG10842']"
"['EG12428', 'EG10845', 'EG12428']","['EG12428', 'EG10845', 'EG12428']"
"['EG11079', 'EG10492', 'EG10548', 'EG11080', 'EG11081']","['EG11079', 'EG10492', 'EG10548', 'EG11080', 'EG11081']"
"['EG11179', 'EG10505', 'EG10665']","['EG11179', 'EG10505', 'EG10665']"
"['G0-16662', 'EG11423', 'EG11426', 'EG11425', 'EG11353', 'EG11352', 'EG11351', 'EG11350', 'EG11340', 'EG11339', 'EG11341']","['G0-16662', 'EG11423', 'EG11426', 'EG11425', 'EG11353', 'EG11352', 'EG11351', 'EG11350', 'EG11340', 'EG11339', 'EG11341']"
"['G6449', 'G6448']","['G6449', 'G6448']"
"['G6488', 'G6489']","['G6488', 'G6489']"
"['EG12609', 'EG11083']","['EG12609', 'EG11083']"
"['EG12098', 'EG12097']","['EG12098', 'EG12097']"
"['G6581', 'G6580']","['G6581', 'G6580']"
"['G7366', 'G7365']","['G7366', 'G7365']"
"['EG10862', 'EG10892']","['EG10862', 'EG10892']"
"['EG30069', 'EG11175', 'EG11176', 'EG10016', 'EG12760']","['EG30069', 'EG11175', 'EG11176', 'EG10016', 'EG12760']"
"['EG11547', 'EG11548']","['EG11547', 'EG11548']"
"['EG10871', 'EG10873', 'EG10894', 'EG10895']","['EG10871', 'EG10873', 'EG10894', 'EG10895']"
"['EG10878', 'EG10893', 'EG10903', 'EG10910', 'EG10912']","['EG10878', 'EG10893', 'EG10903', 'EG10910', 'EG10912']"
"['EG10880', 'EG11023', 'EG11153', 'EG10915']","['EG10880', 'EG11023', 'EG11153', 'EG10915']"
"['EG10881', 'EG11231']","['EG10881', 'EG11231']"
"['EG10881', 'EG11231', 'EG10506']","['EG10881', 'EG11231', 'EG10506']"
"['EG50002', 'EG50001']","['EG50002', 'EG50001']"
"['EG10890', 'EG11119']","['EG10890', 'EG11119']"
"['EG10891', 'EG10886']","['EG10891', 'EG10886']"
"['EG10891', 'EG10886', 'EG11312']","['EG10891', 'EG10886', 'EG11312']"
"['EG10892', 'EG10862']","['EG10892', 'EG10862']"
"['EG11232', 'EG10766', 'EG10876', 'EG10888', 'EG10904', 'EG10879', 'EG10869', 'EG10907', 'EG10913', 'EG10868', 'EG10884', 'EG10875']","['EG11232', 'EG10766', 'EG10876', 'EG10888', 'EG10904', 'EG10879', 'EG10869', 'EG10907', 'EG10913', 'EG10868', 'EG10884', 'EG10875']"
"['EG10895', 'EG10894']","['EG10895', 'EG10894']"
"['EG10895', 'EG10894', 'EG10873', 'EG10871', 'EG10864', 'EG10872']","['EG10895', 'EG10894', 'EG10873', 'EG10871', 'EG10864', 'EG10872']"
"['EG10898', 'EG11681', 'EG10635', 'EG11682', 'EG12146', 'EG12147']","['EG10898', 'EG11681', 'EG10635', 'EG11682', 'EG12146', 'EG12147']"
"['EG10510', 'EG12111']","['EG10510', 'EG12111']"
"['EG10899', 'EG10966', 'EG10967', 'EG10829']","['EG10899', 'EG10966', 'EG10967', 'EG10829']"
"['G7459', 'EG10568', 'EG12188']","['G7459', 'EG10568', 'EG12188']"
"['EG10900', 'EG11265']","['EG10900', 'EG11265']"
"['EG10905', 'EG10764', 'EG10917', 'EG10870']","['EG10905', 'EG10764', 'EG10917', 'EG10870']"
"['EG10908', 'EG10874']","['EG10908', 'EG10874']"
"['EG10910', 'EG10903', 'EG10893', 'EG10878', 'EG10912']","['EG10910', 'EG10903', 'EG10893', 'EG10878', 'EG10912']"
"['EG10916', 'EG10887', 'EG10877', 'EG10902', 'EG10882', 'EG10918', 'EG10865', 'EG10883', 'EG10867', 'EG10866', 'EG10909']","['EG10916', 'EG10887', 'EG10877', 'EG10902', 'EG10882', 'EG10918', 'EG10865', 'EG10883', 'EG10867', 'EG10866', 'EG10909']"
"['EG10920', 'EG10239', 'EG10896']","['EG10920', 'EG10239', 'EG10896']"
"['EG11879', 'EG11880']","['EG11879', 'EG11880']"
"['EG30070', 'EG30077']","['EG30070', 'EG30077']"
"['EG30070', 'EG30077', 'EG30008', 'EG30043', 'EG30084']","['EG30070', 'EG30077', 'EG30008', 'EG30043', 'EG30084']"
"['EG30071', 'EG30078']","['EG30071', 'EG30078']"
"['EG30071', 'EG30078', 'EG30032', 'EG30085']","['EG30071', 'EG30078', 'EG30032', 'EG30085']"
"['EG30072', 'EG30079', 'EG30033', 'EG30086']","['EG30072', 'EG30079', 'EG30033', 'EG30086']"
"['EG30074', 'EG30081']","['EG30074', 'EG30081']"
"['EG30074', 'EG30081', 'EG30034', 'EG30088']","['EG30074', 'EG30081', 'EG30034', 'EG30088']"
"['EG30091', 'EG30103', 'EG30073', 'EG30091', 'EG30080', 'EG30009', 'EG30044', 'EG30087']","['EG30091', 'EG30103', 'EG30073', 'EG30091', 'EG30080', 'EG30009', 'EG30044', 'EG30087']"
"['EG30075', 'EG30082', 'EG30035', 'EG30089']","['EG30075', 'EG30082', 'EG30035', 'EG30089']"
"['EG30076', 'EG30083']","['EG30076', 'EG30083']"
"['EG30076', 'EG30083', 'EG30010', 'EG30045', 'EG30090']","['EG30076', 'EG30083', 'EG30010', 'EG30045', 'EG30090']"
"['G7347', 'G7348', 'EG12341']","['G7347', 'G7348', 'EG12341']"
"['G7347', 'G7348', 'EG12341', 'EG11897']","['G7347', 'G7348', 'EG12341', 'EG11897']"
"['G0-16690', 'G7347', 'G7348', 'EG12341', 'EG11897']","['G0-16690', 'G7347', 'G7348', 'EG12341', 'EG11897']"
"['EG11255', 'EG11254', 'EG10606', 'EG10607', 'EG10854']","['EG11255', 'EG11254', 'EG10606', 'EG10607', 'EG10854']"
"['EG10921', 'G7841']","['EG10921', 'G7841']"
"['EG10523', 'EG10691']","['EG10523', 'EG10691']"
"['G6839', 'G6838']","['G6839', 'G6838']"
"['EG12121', 'EG12120']","['EG12121', 'EG12120']"
"['EG11233', 'G6864']","['EG11233', 'G6864']"
"['G7750', 'G7751']","['G7750', 'G7751']"
"['G6523', 'G6522', 'G6521', 'G6520', 'G6519', 'G6518', 'G6517']","['G6523', 'G6522', 'G6521', 'G6520', 'G6519', 'G6518', 'G6517']"
"['RUVB', 'RUVA']","['RUVB', 'RUVA']"
"['EG10925', 'EG11137']","['EG10925', 'EG11137']"
"['EG10925', 'EG11137', 'EG11138']","['EG10925', 'EG11137', 'EG11138']"
"['G0-8881', 'G0-10715']","['G0-8881', 'G0-10715']"
"['G6311', 'G6310', 'G6309']","['G6311', 'G6310', 'G6309']"
"['G6686', 'G6685', 'G6684', 'G6683', 'G6682', 'G6681']","['G6686', 'G6685', 'G6684', 'G6683', 'G6682', 'G6681']"
"['G2002', 'G2001', 'G2000', 'EG12304', 'EG12305']","['G2002', 'G2001', 'G2000', 'EG12304', 'EG12305']"
"['EG11094', 'EG10927']","['EG11094', 'EG10927']"
"['G7517', 'G7516', 'EG11445', 'EG11444']","['G7517', 'G7516', 'EG11445', 'EG11444']"
"['EG12142', 'EG11623']","['EG12142', 'EG11623']"
"['EG10932', 'EG10931', 'EG10934']","['EG10932', 'EG10931', 'EG10934']"
"['G7510', 'G7509']","['G7510', 'G7509']"
"['EG10933', 'EG10934', 'EG10931', 'EG10932', 'EG10979', 'EG10980', 'EG10981', 'EG10982']","['EG10933', 'EG10934', 'EG10931', 'EG10932', 'EG10979', 'EG10980', 'EG10981', 'EG10982']"
"['EG11954', 'G0-8883']","['EG11954', 'G0-8883']"
"['EG11954', 'G0-8883', 'G7011']","['EG11954', 'G0-8883', 'G7011']"
"['EG10937', 'EG20091']","['EG10937', 'EG20091']"
"['EG10939', 'EG10667']","['EG10939', 'EG10667']"
"['EG10940', 'EG10938', 'EG11096']","['EG10940', 'EG10938', 'EG11096']"
"['EG10942', 'EG10941']","['EG10942', 'EG10941']"
"['EG10946', 'EG10073']","['EG10946', 'EG10073']"
"['G6292', 'G6291']","['G6292', 'G6291']"
"['EG12388', 'G6293']","['EG12388', 'G6293']"
"['EG12287', 'EG12286', 'EG12285', 'EG12284', 'EG12283', 'EG12282', 'EG12281', 'EG12280', 'EG12279']","['EG12287', 'EG12286', 'EG12285', 'EG12284', 'EG12283', 'EG12282', 'EG12281', 'EG12280', 'EG12279']"
"['EG12557', 'G0-10241', 'EG12556', 'G7915', 'EG12554', 'G7914', 'G7913']","['EG12557', 'G0-10241', 'EG12556', 'G7915', 'EG12554', 'G7914', 'G7913']"
"['EG12094', 'G0-9381', 'EG11574', 'EG11589', 'EG11590', 'EG11573', 'EG11572']","['EG12094', 'G0-9381', 'EG11574', 'EG11589', 'EG11590', 'EG11573', 'EG11572']"
"['G0-10617', 'EG11754', 'G0-9941']","['G0-10617', 'EG11754', 'G0-9941']"
"['EG11191', 'EG10251']","['EG11191', 'EG10251']"
"['G6622', 'G7410', 'EG10950']","['G6622', 'G7410', 'EG10950']"
"['G6556', 'G6555']","['G6556', 'G6555']"
"['EG10960', 'EG10959']","['EG10960', 'EG10959']"
"['EG10753', 'EG10964']","['EG10753', 'EG10964']"
"['G6842', 'G6841']","['G6842', 'G6841']"
"['G0-8871', 'G0-8874', 'G0-8873', 'G0-8866', 'G0-8868', 'G0-8865', 'G0-8872', 'G0-8875', 'EG11508', 'G0-8861', 'G0-8862', 'G0-8870']","['G0-8871', 'G0-8874', 'G0-8873', 'G0-8866', 'G0-8868', 'G0-8865', 'G0-8872', 'G0-8875', 'EG11508', 'G0-8861', 'G0-8862', 'G0-8870']"
"['G0-8871', 'G0-8874', 'G0-8873', 'G0-8866', 'G0-8868', 'G0-8865', 'G0-8872', 'G0-8875', 'EG11508', 'G0-8861', 'G0-8862', 'G0-8870', 'G6776']","['G0-8871', 'G0-8874', 'G0-8873', 'G0-8866', 'G0-8868', 'G0-8865', 'G0-8872', 'G0-8875', 'EG11508', 'G0-8861', 'G0-8862', 'G0-8870', 'G6776']"
"['G8210', 'EG10969', 'EG10969', 'EG10970', 'EG10971', 'EG10972', 'EG10974', 'EG10973']","['G8210', 'EG10969', 'EG10969', 'EG10970', 'EG10971', 'EG10972', 'EG10974', 'EG10973']"
"['G0-9383', 'EG12663', 'EG12662', 'EG12661', 'G6359']","['G0-9383', 'EG12663', 'EG12662', 'EG12661', 'G6359']"
"['G0-9384', 'EG11530']","['G0-9384', 'EG11530']"
"['G7498', 'G7497']","['G7498', 'G7497']"
"['EG10978', 'EG10977']","['EG10978', 'EG10977']"
"['EG12358', 'G6476', 'G6477', 'G6478', 'G6479']","['EG12358', 'G6476', 'G6477', 'G6478', 'G6479']"
"['G6599', 'EG11120']","['G6599', 'EG11120']"
"['EG10979', 'EG10980', 'EG10981', 'EG10982']","['EG10979', 'EG10980', 'EG10981', 'EG10982']"
"['EG10980', 'EG10979']","['EG10980', 'EG10979']"
"['G6905', 'G6906', 'EG30037', 'G6907', 'G6908', 'G6909', 'EG11378']","['G6905', 'G6906', 'EG30037', 'G6907', 'G6908', 'G6909', 'EG11378']"
"['EG30008', 'EG11797']","['EG30008', 'EG11797']"
"['G6806', 'G7874', 'G7875']","['G6806', 'G7874', 'G7875']"
"['G6806', 'G7874', 'G7875', 'G6805', 'G6804', 'G6803', 'G6802', 'G6801', 'G6800']","['G6806', 'G7874', 'G7875', 'G6805', 'G6804', 'G6803', 'G6802', 'G6801', 'G6800']"
"['EG30023', 'G7462']","['EG30023', 'G7462']"
"['EG11479', 'G7808', 'G7806']","['EG11479', 'G7808', 'G7806']"
"['EG11481', 'EG11479', 'G7808', 'G7806']","['EG11481', 'EG11479', 'G7808', 'G7806']"
"['EG12423', 'G6219', 'G6218', 'G6217']","['EG12423', 'G6219', 'G6218', 'G6217']"
"['G7039', 'EG11356', 'EG11355']","['G7039', 'EG11356', 'EG11355']"
"['G7624', 'G7626', 'G7627', 'EG11172', 'EG10991', 'EG10990']","['G7624', 'G7626', 'G7627', 'EG11172', 'EG10991', 'EG10990']"
"['G7624', 'G7626', 'G7627', 'EG11172', 'EG10991', 'EG10990', 'EG10989']","['G7624', 'G7626', 'G7627', 'EG11172', 'EG10991', 'EG10990', 'EG10989']"
"['EG10993', 'EG10512']","['EG10993', 'EG10512']"
"['EG11883', 'EG11884']","['EG11883', 'EG11884']"
"['G6598', 'EG12877', 'G6597', 'G6596', 'G6595', 'G6594', 'G6593', 'G6592', 'G6591', 'G6590']","['G6598', 'EG12877', 'G6597', 'G6596', 'G6595', 'G6594', 'G6593', 'G6592', 'G6591', 'G6590']"
"['G6820', 'G6821', 'EG11634']","['G6820', 'G6821', 'EG11634']"
"['G6696', 'G6695']","['G6696', 'G6695']"
"['G0-8895', 'EG10901', 'EG11033']","['G0-8895', 'EG10901', 'EG11033']"
"['M007', 'G7135']","['M007', 'G7135']"
"['G1', 'EG11590', 'EG11589', 'G1', 'EG11587', 'EG11586', 'EG11585']","['G1', 'EG11590', 'EG11589', 'G1', 'EG11587', 'EG11586', 'EG11585']"
"['EG11277', 'EG10998', 'EG10999', 'EG11000']","['EG11277', 'EG10998', 'EG10999', 'EG11000']"
"['EG11002', 'EG12128']","['EG11002', 'EG12128']"
"['EG12100', 'EG30008', 'EG11797']","['EG12100', 'EG30008', 'EG11797']"
"['EG11276', 'EG11005', 'EG11006']","['EG11276', 'EG11005', 'EG11006']"
"['EG11007', 'EG11011', 'EG11010', 'EG11110']","['EG11007', 'EG11011', 'EG11010', 'EG11110']"
"['EG12429', 'EG10439']","['EG12429', 'EG10439']"
"['EG11013', 'G0-10473']","['EG11013', 'G0-10473']"
"['G0-10473', 'G7917']","['G0-10473', 'G7917']"
"['EG11014', 'EG10943']","['EG11014', 'EG10943']"
"['EG11014', 'EG11134', 'EG10943']","['EG11014', 'EG11134', 'EG10943']"
"['EG11815', 'EG11814', 'EG12195']","['EG11815', 'EG11814', 'EG12195']"
"['G7022', 'G7023']","['G7022', 'G7023']"
"['EG10241', 'EG10240']","['EG10241', 'EG10240']"
"['EG11016', 'EG30108']","['EG11016', 'EG30108']"
"['EG11016', 'EG30108', 'EG30106', 'EG30108']","['EG11016', 'EG30108', 'EG30106', 'EG30108']"
"['EG11384', 'G6660']","['EG11384', 'G6660']"
"['EG11402', 'EG12127']","['EG11402', 'EG12127']"
"['EG12633', 'EG11018']","['EG12633', 'EG11018']"
"['EG11779', 'EG12443']","['EG11779', 'EG12443']"
"['EG11024', 'EG11025', 'EG11026']","['EG11024', 'EG11025', 'EG11026']"
"['EG11024', 'EG11025', 'EG11026', 'EG11027', 'EG11028', 'EG11274', 'EG11274']","['EG11024', 'EG11025', 'EG11026', 'EG11027', 'EG11028', 'EG11274', 'EG11274']"
"['EG11030', 'EG11871', 'M004']","['EG11030', 'EG11871', 'M004']"
"['EG11030', 'EG11871', 'M004', 'EG10204', 'EG11183']","['EG11030', 'EG11871', 'M004', 'EG10204', 'EG11183']"
"['EG11030', 'EG11871', 'M004', 'EG10204', 'EG11183', 'EG11183']","['EG11030', 'EG11871', 'M004', 'EG10204', 'EG11183', 'EG11183']"
"['EG11030', 'EG11871', 'M004', 'EG10204', 'EG11183', 'EG11183', 'EG10074', 'EG10081']","['EG11030', 'EG11871', 'M004', 'EG10204', 'EG11183', 'EG11183', 'EG10074', 'EG10081']"
"['G6991', 'G6990']","['G6991', 'G6990']"
"['EG11757', 'EG11758', 'EG11363', 'EG11281', 'EG10595', 'EG10438', 'EG10437', 'EG10436', 'EG10435']","['EG11757', 'EG11758', 'EG11363', 'EG11281', 'EG10595', 'EG10438', 'EG10437', 'EG10436', 'EG10435']"
"['EG12393', 'EG11168', 'EG11169']","['EG12393', 'EG11168', 'EG11169']"
"['EG11036', 'EG10360']","['EG11036', 'EG10360']"
"['EG11036', 'EG10360', 'EG10906', 'EG10911']","['EG11036', 'EG10360', 'EG10906', 'EG10911']"
"['EG11037', 'EG30102', 'EG30107', 'EG30036', 'EG30101']","['EG11037', 'EG30102', 'EG30107', 'EG30036', 'EG30101']"
"['EG11038', 'EG12216', 'G7712', 'G7713', 'G7714', 'EG12876']","['EG11038', 'EG12216', 'G7712', 'G7713', 'G7714', 'EG12876']"
"['G7712', 'G7713', 'G7714', 'G7715']","['G7712', 'G7713', 'G7714', 'G7715']"
"['EG11039', 'EG10078']","['EG11039', 'EG10078']"
"['EG11042', 'EG12870', 'G6659']","['EG11042', 'EG12870', 'G6659']"
"['EG11476', 'EG11474', 'EG11473']","['EG11476', 'EG11474', 'EG11473']"
"['EG11369', 'EG11370']","['EG11369', 'EG11370']"
"['EG11474', 'EG11476', 'EG11473']","['EG11474', 'EG11476', 'EG11473']"
"['G7651', 'G7650']","['G7651', 'G7650']"
"['G7653', 'G7652']","['G7653', 'G7652']"
"['EG11044', 'EG10794', 'EG10169']","['EG11044', 'EG10794', 'EG10169']"
"['EG11050', 'EG11048', 'EG11049', 'EG11046', 'EG11047']","['EG11050', 'EG11048', 'EG11049', 'EG11046', 'EG11047']"
"['EG11053', 'EG11052', 'EG11051']","['EG11053', 'EG11052', 'EG11051']"
"['EG11053', 'EG11052', 'EG11051', 'EG10502', 'EG10494', 'EG11275']","['EG11053', 'EG11052', 'EG11051', 'EG10502', 'EG10494', 'EG11275']"
"['G6866', 'EG11658', 'EG11055']","['G6866', 'EG11658', 'EG11055']"
"['G7860', 'G7859', 'G7858', 'EG12495', 'EG12494', 'G7856']","['G7860', 'G7859', 'G7858', 'EG12495', 'EG12494', 'G7856']"
"['EG10634', 'EG10636', 'EG10632', 'EG10633']","['EG10634', 'EG10636', 'EG10632', 'EG10633']"
"['EG11057', 'EG11056']","['EG11057', 'EG11056']"
"['G0-10580', 'EG10359']","['G0-10580', 'EG10359']"
"['G0-10580', 'EG10359', 'EG10318']","['G0-10580', 'EG10359', 'EG10318']"
"['EG12129', 'EG11665', 'G6092', 'EG11332']","['EG12129', 'EG11665', 'G6092', 'EG11332']"
"['EG11877', 'EG11876']","['EG11877', 'EG11876']"
"['EG11063', 'EG11140']","['EG11063', 'EG11140']"
"['EG12734', 'G81']","['EG12734', 'G81']"
"['EG20248', 'EG11066']","['EG20248', 'EG11066']"
"['EG11067', 'EG11413']","['EG11067', 'EG11413']"
"['EG30110', 'EG30113', 'EG30114', 'EG30113', 'EG30114', 'EG30056']","['EG30110', 'EG30113', 'EG30114', 'EG30113', 'EG30114', 'EG30056']"
"['EG30111', 'EG30112']","['EG30111', 'EG30112']"
"['EG11068', 'EG10211']","['EG11068', 'EG10211']"
"['EG10520', 'EG11190']","['EG10520', 'EG11190']"
"['EG11424', 'EG11189', 'EG12210', 'EG10838']","['EG11424', 'EG11189', 'EG12210', 'EG10838']"
"['EG11423', 'EG11426']","['EG11423', 'EG11426']"
"['EG11423', 'EG11426', 'EG11425', 'EG11353', 'EG11352', 'EG11351', 'EG11350', 'EG11340', 'EG11339', 'EG11341']","['EG11423', 'EG11426', 'EG11425', 'EG11353', 'EG11352', 'EG11351', 'EG11350', 'EG11340', 'EG11339', 'EG11341']"
"['EG11426', 'EG11425']","['EG11426', 'EG11425']"
"['EG11982', 'EG11981']","['EG11982', 'EG11981']"
"['EG11985', 'EG11984', 'EG11983']","['EG11985', 'EG11984', 'EG11983']"
"['G7103', 'G7104', 'G7105', 'G7106', 'G7107']","['G7103', 'G7104', 'G7105', 'G7106', 'G7107']"
"['G7102', 'G7101', 'G7100', 'G7099', 'EG11787', 'EG11788', 'EG11789', 'EG11790', 'EG10161', 'EG10162', 'G7098', 'G7097']","['G7102', 'G7101', 'G7100', 'G7099', 'EG11787', 'EG11788', 'EG11789', 'EG11790', 'EG10161', 'EG10162', 'G7098', 'G7097']"
"['G7096', 'G7095', 'G7094']","['G7096', 'G7095', 'G7094']"
"['EG11540', 'EG12703']","['EG11540', 'EG12703']"
"['G7107', 'G7105', 'G7106']","['G7107', 'G7105', 'G7106']"
"['EG13159', 'G85']","['EG13159', 'G85']"
"['G7486', 'G7487', 'G7485']","['G7486', 'G7487', 'G7485']"
"['G7487', 'G7486', 'G7485']","['G7487', 'G7486', 'G7485']"
"['G7500', 'G7499']","['G7500', 'G7499']"
"['EG11075', 'EG11074']","['EG11075', 'EG11074']"
"['EG20252', 'EG12275', 'EG12276', 'EG20253']","['EG20252', 'EG12275', 'EG12276', 'EG20253']"
"['EG12611', 'EG12610']","['EG12611', 'EG12610']"
"['EG11089', 'EG10962', 'EG10963']","['EG11089', 'EG10962', 'EG10963']"
"['EG11678', 'EG12325', 'EG12326', 'EG12327']","['EG11678', 'EG12325', 'EG12326', 'EG12327']"
"['EG12321', 'EG12320']","['EG12321', 'EG12320']"
"['G372', 'G6097']","['G372', 'G6097']"
"['EG11651', 'EG11650']","['EG11651', 'EG11650']"
"['G6118', 'G6117', 'G6116']","['G6118', 'G6117', 'G6116']"
"['G6118', 'G6117', 'G6116', 'G6115']","['G6118', 'G6117', 'G6116', 'G6115']"
"['G6126', 'G6125', 'G6124', 'G6123', 'G6122', 'G0-10432', 'G6121', 'G6120']","['G6126', 'G6125', 'G6124', 'G6123', 'G6122', 'G0-10432', 'G6121', 'G6120']"
"['EG12338', 'EG12339', 'G0-10433']","['EG12338', 'EG12339', 'G0-10433']"
"['G6141', 'G6140']","['G6141', 'G6140']"
"['G6143', 'G6142']","['G6143', 'G6142']"
"['G6150', 'G6149']","['G6150', 'G6149']"
"['G6186', 'G6185', 'G6184', 'G6183']","['G6186', 'G6185', 'G6184', 'G6183']"
"['G6189', 'G6188']","['G6189', 'G6188']"
"['G6227', 'EG10928']","['G6227', 'EG10928']"
"['G6214', 'G6211']","['G6214', 'G6211']"
"['EG11096', 'EG30032', 'EG30033', 'EG30034', 'EG10996']","['EG11096', 'EG30032', 'EG30033', 'EG30034', 'EG10996']"
"['G6236', 'G6237', 'EG10508', 'EG11098']","['G6236', 'G6237', 'EG10508', 'EG11098']"
"['EG11321', 'EG13217']","['EG11321', 'EG13217']"
"['G6262', 'G6261']","['G6262', 'G6261']"
"['EG11770', 'G6271', 'EG11769', 'EG10849']","['EG11770', 'G6271', 'EG11769', 'EG10849']"
"['G6269', 'EG11542']","['G6269', 'EG11542']"
"['G6270', 'EG11657']","['G6270', 'EG11657']"
"['EG12384', 'G6289', 'G6288', 'G6287']","['EG12384', 'G6289', 'G6288', 'G6287']"
"['G6302', 'G6301']","['G6302', 'G6301']"
"['G0-10437', 'EG10299', 'EG10264', 'EG10297']","['G0-10437', 'EG10299', 'EG10264', 'EG10297']"
"['G6361', 'EG10168']","['G6361', 'EG10168']"
"['G6363', 'G6362']","['G6363', 'G6362']"
"['EG11522', 'EG10848']","['EG11522', 'EG10848']"
"['EG11110', 'EG11010', 'EG11011', 'EG11007']","['EG11110', 'EG11010', 'EG11011', 'EG11007']"
"['EG12395', 'G0-10441']","['EG12395', 'G0-10441']"
"['G6387', 'G6386', 'G6385']","['G6387', 'G6386', 'G6385']"
"['G6407', 'G6406', 'G6405']","['G6407', 'G6406', 'G6405']"
"['EG11580', 'EG11357']","['EG11580', 'EG11357']"
"['G6421', 'G6420']","['G6421', 'G6420']"
"['G6427', 'G6426']","['G6427', 'G6426']"
"['G6443', 'G6442']","['G6443', 'G6442']"
"['G6447', 'EG10852']","['G6447', 'EG10852']"
"['G6447', 'EG10852', 'EG11261', 'EG12842']","['G6447', 'EG10852', 'EG11261', 'EG12842']"
"['G6454', 'G6455']","['G6454', 'G6455']"
"['G6471', 'EG11409', 'EG10613', 'EG12375']","['G6471', 'EG11409', 'EG10613', 'EG12375']"
"['EG12397', 'G6485', 'G6484', 'G6483', 'G6482', 'G6481']","['EG12397', 'G6485', 'G6484', 'G6483', 'G6482', 'G6481']"
"['G6496', 'G6495']","['G6496', 'G6495']"
"['G6541', 'G6540']","['G6541', 'G6540']"
"['G6554', 'EG11820']","['G6554', 'EG11820']"
"['EG12303', 'EG11500', 'EG12302', 'EG11494', 'EG11493']","['EG12303', 'EG11500', 'EG12302', 'EG11494', 'EG11493']"
"['G6568', 'G6567', 'G6566', 'G6565', 'G6564', 'EG12172']","['G6568', 'G6567', 'G6566', 'G6565', 'G6564', 'EG12172']"
"['EG11404', 'EG10785']","['EG11404', 'EG10785']"
"['EG11123', 'EG11122']","['EG11123', 'EG11122']"
"['EG11125', 'EG11126', 'EG11127']","['EG11125', 'EG11126', 'EG11127']"
"['EG11128', 'EG10809']","['EG11128', 'EG10809']"
"['EG11128', 'EG10809', 'EG12691', 'G6637']","['EG11128', 'EG10809', 'EG12691', 'G6637']"
"['EG11759', 'EG10130']","['EG11759', 'EG10130']"
"['G6636', 'G6635', 'G6634']","['G6636', 'G6635', 'G6634']"
"['G6633', 'EG11608']","['G6633', 'EG11608']"
"['G0-10513', 'G0-10512', 'G0-10512']","['G0-10513', 'G0-10512', 'G0-10512']"
"['G0-10591', 'G6638']","['G0-10591', 'G6638']"
"['EG12870', 'G6659']","['EG12870', 'G6659']"
"['G6679', 'G0-10448']","['G6679', 'G0-10448']"
"['G6689', 'G6688']","['G6689', 'G6688']"
"['G6705', 'G6704', 'G6703']","['G6705', 'G6704', 'G6703']"
"['EG11742', 'EG11743']","['EG11742', 'EG11743']"
"['G6773', 'G6772', 'G6771']","['G6773', 'G6772', 'G6771']"
"['G6787', 'G6788']","['G6787', 'G6788']"
"['G6789', 'G6790']","['G6789', 'G6790']"
"['G6795', 'G6794', 'G6793']","['G6795', 'G6794', 'G6793']"
"['EG11302', 'EG11301', 'EG11300']","['EG11302', 'EG11301', 'EG11300']"
"['G6822', 'G0-10452']","['G6822', 'G0-10452']"
"['G6831', 'G6830']","['G6831', 'G6830']"
"['G6885', 'G6884', 'G6883']","['G6885', 'G6884', 'G6883']"
"['G6897', 'G6898', 'G6899', 'G6900', 'G6901', 'G6902']","['G6897', 'G6898', 'G6899', 'G6900', 'G6901', 'G6902']"
"['G6899', 'G6898', 'G6897']","['G6899', 'G6898', 'G6897']"
"['G6902', 'G6901', 'G6900']","['G6902', 'G6901', 'G6900']"
"['G6913', 'G6912', 'G6911']","['G6913', 'G6912', 'G6911']"
"['G6918', 'EG12432']","['G6918', 'EG12432']"
"['G6963', 'G6962', 'G6961', 'G6960', 'G6959', 'G6958']","['G6963', 'G6962', 'G6961', 'G6960', 'G6959', 'G6958']"
"['G6966', 'EG10367']","['G6966', 'EG10367']"
"['G6970', 'G6969']","['G6970', 'G6969']"
"['G6983', 'G6982']","['G6983', 'G6982']"
"['G6988', 'G6987']","['G6988', 'G6987']"
"['G7007', 'G7006']","['G7007', 'G7006']"
"['EG12379', 'EG12378']","['EG12379', 'EG12378']"
"['G7025', 'G7024']","['G7025', 'G7024']"
"['EG11661', 'EG11660']","['EG11661', 'EG11660']"
"['G7051', 'EG12710']","['G7051', 'EG12710']"
"['EG11895', 'EG11894']","['EG11895', 'EG11894']"
"['G7086', 'G7085', 'G7084', 'G7083', 'G7082', 'G7081']","['G7086', 'G7085', 'G7084', 'G7083', 'G7082', 'G7081']"
"['EG12844', 'G0-9121']","['EG12844', 'G0-9121']"
"['G7112', 'G7111']","['G7112', 'G7111']"
"['G7132', 'G7131', 'G7130']","['G7132', 'G7131', 'G7130']"
"['EG11990', 'EG11989', 'EG11988', 'EG11987']","['EG11990', 'EG11989', 'EG11988', 'EG11987']"
"['EG12003', 'EG12002', 'EG11999', 'EG11998']","['EG12003', 'EG12002', 'EG11999', 'EG11998']"
"['EG12009', 'EG12010', 'EG12011', 'EG12012']","['EG12009', 'EG12010', 'EG12011', 'EG12012']"
"['G7144', 'EG12025']","['G7144', 'EG12025']"
"['EG12041', 'EG12040', 'EG12038', 'EG12037']","['EG12041', 'EG12040', 'EG12038', 'EG12037']"
"['EG12049', 'EG12043']","['EG12049', 'EG12043']"
"['EG11142', 'G7156', 'G7153', 'G7152']","['EG11142', 'G7156', 'G7153', 'G7152']"
"['EG12360', 'EG10660', 'EG10661']","['EG12360', 'EG10660', 'EG10661']"
"['G7158', 'G7159', 'G7160', 'G7161']","['G7158', 'G7159', 'G7160', 'G7161']"
"['G7159', 'G7158']","['G7159', 'G7158']"
"['G7161', 'G7160']","['G7161', 'G7160']"
"['G7185', 'G7184']","['G7185', 'G7184']"
"['G7188', 'G7187']","['G7188', 'G7187']"
"['G7196', 'G7195']","['G7196', 'G7195']"
"['G7209', 'G7207', 'G7206', 'G7205', 'G7204', 'G7203']","['G7209', 'G7207', 'G7206', 'G7205', 'G7204', 'G7203']"
"['G7234', 'G7235', 'G7236', 'G7237', 'G7238']","['G7234', 'G7235', 'G7236', 'G7237', 'G7238']"
"['G7221', 'G7220', 'G7219']","['G7221', 'G7220', 'G7219']"
"['G7227', 'G7226', 'G7225', 'G7224', 'G7223']","['G7227', 'G7226', 'G7225', 'G7224', 'G7223']"
"['G7229', 'G7228']","['G7229', 'G7228']"
"['G7232', 'G7231', 'G7230']","['G7232', 'G7231', 'G7230']"
"['EG11432', 'EG11431']","['EG11432', 'EG11431']"
"['G7261', 'G7260']","['G7261', 'G7260']"
"['G7265', 'G7264', 'G7263']","['G7265', 'G7264', 'G7263']"
"['G7266', 'G7267']","['G7266', 'G7267']"
"['G7275', 'G7274']","['G7275', 'G7274']"
"['G7277', 'G7276']","['G7277', 'G7276']"
"['G7279', 'G7278']","['G7279', 'G7278']"
"['G7312', 'G7311']","['G7312', 'G7311']"
"['G7317', 'G7316']","['G7317', 'G7316']"
"['G7323', 'G7322']","['G7323', 'G7322']"
"['EG11152', 'EG12880', 'G7354']","['EG11152', 'EG12880', 'G7354']"
"['G7368', 'G7367']","['G7368', 'G7367']"
"['G7372', 'G7371', 'G7370', 'G7369']","['G7372', 'G7371', 'G7370', 'G7369']"
"['G7406', 'G7405']","['G7406', 'G7405']"
"['G7398', 'G7397']","['G7398', 'G7397']"
"['G7418', 'G7417']","['G7418', 'G7417']"
"['G7420', 'G7419']","['G7420', 'G7419']"
"['G7442', 'EG13174']","['G7442', 'EG13174']"
"['G7434', 'G7433', 'G7432']","['G7434', 'G7433', 'G7432']"
"['G7436', 'G7435']","['G7436', 'G7435']"
"['EG11157', 'EG10056']","['EG11157', 'EG10056']"
"['G7476', 'G7475']","['G7476', 'G7475']"
"['EG11323', 'EG10697', 'EG11324', 'EG11333']","['EG11323', 'EG10697', 'EG11324', 'EG11333']"
"['G7506', 'G7505']","['G7506', 'G7505']"
"['EG11161', 'EG11162']","['EG11161', 'EG11162']"
"['G7532', 'EG10627']","['G7532', 'EG10627']"
"['G7551', 'G7550']","['G7551', 'G7550']"
"['EG11165', 'EG11164', 'EG11009']","['EG11165', 'EG11164', 'EG11009']"
"['EG11603', 'EG11602']","['EG11603', 'EG11602']"
"['G7599', 'G7598']","['G7599', 'G7598']"
"['EG11174', 'EG11173']","['EG11174', 'EG11173']"
"['G7621', 'G7620']","['G7621', 'G7620']"
"['G7629', 'EG10955']","['G7629', 'EG10955']"
"['EG11499', 'G7656']","['EG11499', 'G7656']"
"['G7650', 'G7651']","['G7650', 'G7651']"
"['G7670', 'EG11515']","['G7670', 'EG11515']"
"['G7675', 'G7676', 'G7677', 'G436', 'EG10637']","['G7675', 'G7676', 'G7677', 'G436', 'EG10637']"
"['EG11970', 'EG11969']","['EG11970', 'EG11969']"
"['G7693', 'EG10685', 'EG11497']","['G7693', 'EG10685', 'EG11497']"
"['EG12837', 'EG12836', 'EG12835']","['EG12837', 'EG12836', 'EG12835']"
"['G7715', 'G7714', 'G7713', 'G7712']","['G7715', 'G7714', 'G7713', 'G7712']"
"['G7719', 'G7718', 'EG12903']","['G7719', 'G7718', 'EG12903']"
"['G7733', 'G7732', 'G6349', 'G7731', 'G7730', 'G7729', 'G7728']","['G7733', 'G7732', 'G6349', 'G7731', 'G7730', 'G7729', 'G7728']"
"['G7735', 'G7734']","['G7735', 'G7734']"
"['EG12212', 'EG10343']","['EG12212', 'EG10343']"
"['EG11400', 'EG11399', 'EG11398']","['EG11400', 'EG11399', 'EG11398']"
"['EG12224', 'EG12223', 'EG11767']","['EG12224', 'EG12223', 'EG11767']"
"['EG12270', 'EG10986', 'G6624']","['EG12270', 'EG10986', 'G6624']"
"['EG12281', 'EG12287', 'EG12286', 'EG12285', 'EG12284', 'EG12283', 'EG12282', 'EG12280', 'EG12279']","['EG12281', 'EG12287', 'EG12286', 'EG12285', 'EG12284', 'EG12283', 'EG12282', 'EG12280', 'EG12279']"
"['EG12291', 'EG12290']","['EG12291', 'EG12290']"
"['EG11187', 'EG10846']","['EG11187', 'EG10846']"
"['EG11765', 'EG11764']","['EG11765', 'EG11764']"
"['EG12298', 'EG10266', 'EG12297', 'EG12296']","['EG12298', 'EG10266', 'EG12297', 'EG12296']"
"['EG11685', 'EG11686']","['EG11685', 'EG11686']"
"['EG11696', 'EG11695', 'EG11694']","['EG11696', 'EG11695', 'EG11694']"
"['EG11706', 'EG11705']","['EG11706', 'EG11705']"
"['EG11723', 'EG11722']","['EG11723', 'EG11722']"
"['EG11733', 'EG11732']","['EG11733', 'EG11732']"
"['EG11202', 'EG11069', 'EG11201', 'EG10209', 'G0-10471']","['EG11202', 'EG11069', 'EG11201', 'EG10209', 'G0-10471']"
"['EG11465', 'EG11464']","['EG11465', 'EG11464']"
"['EG11470', 'EG10739']","['EG11470', 'EG10739']"
"['EG11839', 'EG11838']","['EG11839', 'EG11838']"
"['EG11842', 'EG11841']","['EG11842', 'EG11841']"
"['EG11847', 'EG11846', 'EG11845']","['EG11847', 'EG11846', 'EG11845']"
"['EG11395', 'EG11394']","['EG11395', 'EG11394']"
"['EG11926', 'EG11925', 'EG11924']","['EG11926', 'EG11925', 'EG11924']"
"['EG11926', 'EG11925', 'EG11924', 'EG11923']","['EG11926', 'EG11925', 'EG11924', 'EG11923']"
"['EG11931', 'EG11930']","['EG11931', 'EG11930']"
"['EG11936', 'EG11935']","['EG11936', 'EG11935']"
"['G7829', 'G7828']","['G7829', 'G7828']"
"['G7839', 'G7838']","['G7839', 'G7838']"
"['EG11812', 'G7850', 'G7849', 'G7848']","['EG11812', 'G7850', 'G7849', 'G7848']"
"['EG12439', 'EG12520', 'EG12518', 'EG12517']","['EG12439', 'EG12520', 'EG12518', 'EG12517']"
"['G7846', 'G7845', 'EG11259', 'EG11212']","['G7846', 'G7845', 'EG11259', 'EG11212']"
"['G7847', 'G7846']","['G7847', 'G7846']"
"['G7901', 'EG12544']","['G7901', 'EG12544']"
"['G7901', 'EG12544']","['G7901', 'EG12544']"
"['G7901', 'EG12544']","['G7901', 'EG12544']"
"['G7901', 'EG12544']","['G7901', 'EG12544']"
"['G7912', 'G7911', 'G7910']","['G7912', 'G7911', 'G7910']"
"['G7927', 'G7926', 'G7925']","['G7927', 'G7926', 'G7925']"
"['G7932', 'G7931']","['G7932', 'G7931']"
"['G7941', 'EG10021']","['G7941', 'EG10021']"
"['EG11214', 'EG10237', 'EG10244']","['EG11214', 'EG10237', 'EG10244']"
"['EG11214', 'EG10237', 'EG10244', 'EG11215']","['EG11214', 'EG10237', 'EG10244', 'EG11215']"
"['EG12115', 'EG10850', 'EG11414']","['EG12115', 'EG10850', 'EG11414']"
"['G7952', 'G7951']","['G7952', 'G7951']"
"['G6128', 'G6127']","['G6128', 'G6127']"
"['G6120', 'G6121', 'G0-10432', 'G6122']","['G6120', 'G6121', 'G0-10432', 'G6122']"
"['G6120', 'G6121', 'G0-10432', 'G6122', 'G6123', 'G6124', 'G6125']","['G6120', 'G6121', 'G0-10432', 'G6122', 'G6123', 'G6124', 'G6125']"
"['G6178', 'G6177', 'G6176']","['G6178', 'G6177', 'G6176']"
"['G6167', 'G0-10434']","['G6167', 'G0-10434']"
"['G0-10435', 'G6306', 'G6305', 'G6304', 'G6303']","['G0-10435', 'G6306', 'G6305', 'G6304', 'G6303']"
"['G6579', 'G6578']","['G6579', 'G6578']"
"['G6583', 'G6582']","['G6583', 'G6582']"
"['G6586', 'G6585', 'EG12370']","['G6586', 'G6585', 'EG12370']"
"['G6607', 'G6606', 'G6605', 'G6604']","['G6607', 'G6606', 'G6605', 'G6604']"
"['G6612', 'G6611']","['G6612', 'G6611']"
"['G0-10446', 'G6662']","['G0-10446', 'G6662']"
"['G6643', 'G6644']","['G6643', 'G6644']"
"['G6730', 'G6729', 'G6728', 'G6727']","['G6730', 'G6729', 'G6728', 'G6727']"
"['G6851', 'G6852']","['G6851', 'G6852']"
"['G6951', 'G6950', 'G6949', 'G6948', 'G6947', 'G6946', 'G6945']","['G6951', 'G6950', 'G6949', 'G6948', 'G6947', 'G6946', 'G6945']"
"['G7014', 'G7013', 'G7012']","['G7014', 'G7013', 'G7012']"
"['G7000', 'EG12204']","['G7000', 'EG12204']"
"['G7075', 'G7078']","['G7075', 'G7078']"
"['EG12024', 'EG12023']","['EG12024', 'EG12023']"
"['G0-10561', 'EG12323']","['G0-10561', 'EG12323']"
"['G7245', 'G7244', 'G7243']","['G7245', 'G7244', 'G7243']"
"['G7269', 'G7268']","['G7269', 'G7268']"
"['G7298', 'G7297']","['G7298', 'G7297']"
"['G0-10463', 'EG10208']","['G0-10463', 'EG10208']"
"['G0-10463', 'EG10208', 'EG11147']","['G0-10463', 'EG10208', 'EG11147']"
"['G7339', 'G7338']","['G7339', 'G7338']"
"['G7342', 'G7341', 'G7340']","['G7342', 'G7341', 'G7340']"
"['G7381', 'G7380', 'G0-10464', 'G7379', 'G7378']","['G7381', 'G7380', 'G0-10464', 'G7379', 'G7378']"
"['G7408', 'G7407']","['G7408', 'G7407']"
"['G7450', 'G7449', 'G7448']","['G7450', 'G7449', 'G7448']"
"['G7468', 'G7467']","['G7468', 'G7467']"
"['G7525', 'G7524']","['G7525', 'G7524']"
"['G7587', 'G7586', 'G7585', 'G7584', 'G7583', 'G0-10545']","['G7587', 'G7586', 'G7585', 'G7584', 'G7583', 'G0-10545']"
"['G7589', 'G7588']","['G7589', 'G7588']"
"['G7614', 'G7613', 'G7612', 'G7611']","['G7614', 'G7613', 'G7612', 'G7611']"
"['G7640', 'G7639', 'G7638']","['G7640', 'G7639', 'G7638']"
"['G7697', 'EG10077', 'G7698', 'G7699']","['G7697', 'EG10077', 'G7698', 'G7699']"
"['G7876', 'G7875', 'G7874']","['G7876', 'G7875', 'G7874']"
"['EG12368', 'G7018']","['EG12368', 'G7018']"
"['EG10482', 'EG10008']","['EG10482', 'EG10008']"
